EXPERIMENT_ID,SEQUENCE_ID,MUTANT_ID,SOURCE_SEQUENCE_ID,TARGET_SEQUENCE_ID,SEQUENCE_LENGTH,SUBSTITUTION,INSERTION,DELETION,PROTEIN,ORGANISM,CHYMOTRYPSIN_ML,CM,DCP,DDG,DG,DH,DHVH,DOMAINOME_DDG,DOMAINOME_DDG_STD,DOMAINOME_FITNESS,DOMAINOME_FITNESS_STD,DTM,M,REVERSIBILITY,STABILIZING,STATE,TM,TRYPSIN_ML,BUFFER,BUFFER_CONC,EXP_TEMPERATURE,ION,ION_CONC,MEASURE,METHOD,PH,EC_NUMBER,UNIPROTKB,INTERPRO,MEGASCALE,ACTIVE_SITE,BINDING_SITE,CONSERVATION,WWPDB,B_FACTOR,IN_TUNNEL,IN_POCKET,PUBLICATION_PMID,PUBLICATION_DOI,PUBLICATION_YEAR,SOURCE_DATASET,REFERENCING_DATASET
18907,1240,,,,393,,,,Cellular tumor antigen p53,Homo sapiens,,,0.46,,,37.4,,,,,,,,yes,,,34.3,,glycine,25 mM,,,,DSC,Thermal,3.0,,P04637,"IPR008967:p53-like_TF_DNA-bd_sf, IPR012346:p53/RUNT-type_TF_DNA-bd_sf, IPR011615:p53_DNA-bd, IPR040926:p53_TAD2, IPR036674:p53_tetramer_sf, IPR010991:p53_tetrameristn, IPR013872:p53_transactivation_domain, IPR002117:p53_tumour_suppressor",,,,,,,,,7727392,10.1021/bi00016a002,1995,ProTherm,
18908,1240,,,,393,,,,Cellular tumor antigen p53,Homo sapiens,,,0.4,,,46.7,,,,,,,,yes,,,72.2,,acetate,25 mM,,,,DSC,Thermal,4.0,,P04637,"IPR008967:p53-like_TF_DNA-bd_sf, IPR012346:p53/RUNT-type_TF_DNA-bd_sf, IPR011615:p53_DNA-bd, IPR040926:p53_TAD2, IPR036674:p53_tetramer_sf, IPR010991:p53_tetrameristn, IPR013872:p53_transactivation_domain, IPR002117:p53_tumour_suppressor",,,,,,,,,7727392,10.1021/bi00016a002,1995,ProTherm,
18909,1240,,,,393,,,,Cellular tumor antigen p53,Homo sapiens,,,0.39,,,52.2,,,,,,,,yes,,,81.8,,phosphate,25 mM,,,,DSC,Thermal,6.0,,P04637,"IPR008967:p53-like_TF_DNA-bd_sf, IPR012346:p53/RUNT-type_TF_DNA-bd_sf, IPR011615:p53_DNA-bd, IPR040926:p53_TAD2, IPR036674:p53_tetramer_sf, IPR010991:p53_tetrameristn, IPR013872:p53_transactivation_domain, IPR002117:p53_tumour_suppressor",,,,,,,,,7727392,10.1021/bi00016a002,1995,ProTherm,
18910,1240,,,,393,,,,Cellular tumor antigen p53,Homo sapiens,,,0.42,,,52.6,,,,,,,,yes,,,84.8,,phosphate,25 mM,,,,DSC,Thermal,7.0,,P04637,"IPR008967:p53-like_TF_DNA-bd_sf, IPR012346:p53/RUNT-type_TF_DNA-bd_sf, IPR011615:p53_DNA-bd, IPR040926:p53_TAD2, IPR036674:p53_tetramer_sf, IPR010991:p53_tetrameristn, IPR013872:p53_transactivation_domain, IPR002117:p53_tumour_suppressor",,,,,,,,,7727392,10.1021/bi00016a002,1995,ProTherm,
20726,1240,,,,393,,,,Cellular tumor antigen p53,Homo sapiens,,2.66,,,5.96,,,,,,,,2.24,yes,,,,,Sodium phosphate,50 mM,25.0,,,Fluorescence,Urea,7.2,,P04637,"IPR008967:p53-like_TF_DNA-bd_sf, IPR012346:p53/RUNT-type_TF_DNA-bd_sf, IPR011615:p53_DNA-bd, IPR040926:p53_TAD2, IPR036674:p53_tetramer_sf, IPR010991:p53_tetrameristn, IPR013872:p53_transactivation_domain, IPR002117:p53_tumour_suppressor",,,,,,,,,9405613,10.1073/pnas.94.26.14338,1997,ProTherm,
20929,1240,,,,393,,,,Cellular tumor antigen p53,Homo sapiens,,,,,,,,,,,,,5.1,Unknown,,,,,phosphate,25 mM,25.0,,,CD,GdnHCl,7.0,,P04637,"IPR008967:p53-like_TF_DNA-bd_sf, IPR012346:p53/RUNT-type_TF_DNA-bd_sf, IPR011615:p53_DNA-bd, IPR040926:p53_TAD2, IPR036674:p53_tetramer_sf, IPR010991:p53_tetrameristn, IPR013872:p53_transactivation_domain, IPR002117:p53_tumour_suppressor",,,,,,,,,10048932,10.1038/5880,1999,ProTherm,
21119,1240,,,,393,,,,Cellular tumor antigen p53,Homo sapiens,,2.78,,,32.5,,,,,,,,5.1,Unknown,,,,,phosphate,25 mM,25.0,,,CD,GdnHCl,7.0,,P04637,"IPR008967:p53-like_TF_DNA-bd_sf, IPR012346:p53/RUNT-type_TF_DNA-bd_sf, IPR011615:p53_DNA-bd, IPR040926:p53_TAD2, IPR036674:p53_tetramer_sf, IPR010991:p53_tetrameristn, IPR013872:p53_transactivation_domain, IPR002117:p53_tumour_suppressor",,,,,,,,,10097082,10.1073/pnas.96.7.3595,1999,ProTherm,
21975,1240,,,,393,,,,Cellular tumor antigen p53,Homo sapiens,,3.33,,,9.76,,,,,,,,2.97,yes,,,,,Sodium phosphate,50 mM,10.0,,,Fluorescence,Urea,7.2,,P04637,"IPR008967:p53-like_TF_DNA-bd_sf, IPR012346:p53/RUNT-type_TF_DNA-bd_sf, IPR011615:p53_DNA-bd, IPR040926:p53_TAD2, IPR036674:p53_tetramer_sf, IPR010991:p53_tetrameristn, IPR013872:p53_transactivation_domain, IPR002117:p53_tumour_suppressor",,,,,,,,,9405613,10.1073/pnas.94.26.14338,1997,ProTherm,
23179,1240,,,,393,,,,Cellular tumor antigen p53,Homo sapiens,,,,,,,,,,,,,,No,,,72.0,,sodium phosphate,50 mM,,NaCl,100 mM,CD,Thermal,7.5,,P04637,"IPR008967:p53-like_TF_DNA-bd_sf, IPR012346:p53/RUNT-type_TF_DNA-bd_sf, IPR011615:p53_DNA-bd, IPR040926:p53_TAD2, IPR036674:p53_tetramer_sf, IPR010991:p53_tetrameristn, IPR013872:p53_transactivation_domain, IPR002117:p53_tumour_suppressor",,,,,,,,,16460008,10.1021/bi051192j,2006,ProTherm,
23934,1240,,,,393,,,,Cellular tumor antigen p53,Homo sapiens,,,,,,,,,,,,,,No,,,45.3,,Sodium phosphate,25 mM,,NaCl,150 mM,DSC,Thermal,7.2,,P04637,"IPR008967:p53-like_TF_DNA-bd_sf, IPR012346:p53/RUNT-type_TF_DNA-bd_sf, IPR011615:p53_DNA-bd, IPR040926:p53_TAD2, IPR036674:p53_tetramer_sf, IPR010991:p53_tetrameristn, IPR013872:p53_transactivation_domain, IPR002117:p53_tumour_suppressor",,,,,,,,,19515728,10.1093/protein/gzp018,2009,ProTherm,
26103,1240,,,,393,,,,Cellular tumor antigen p53,Homo sapiens,,2.2,,,,,,,,,,,,No,,,,,sodium phosphate,50 mM,25.0,NaCl,100 mM,CD,GdnHCl,7.5,,P04637,"IPR008967:p53-like_TF_DNA-bd_sf, IPR012346:p53/RUNT-type_TF_DNA-bd_sf, IPR011615:p53_DNA-bd, IPR040926:p53_TAD2, IPR036674:p53_tetramer_sf, IPR010991:p53_tetrameristn, IPR013872:p53_transactivation_domain, IPR002117:p53_tumour_suppressor",,,,,,,,,16460008,10.1021/bi051192j,2006,ProTherm,
16135,,7604,,,393,"M133L, V203A, N239Y, N268D",,,Cellular tumor antigen p53,Homo sapiens,,,,,,,,,,,,5.7,,No,,,51.0,,Sodium phosphate,25 mM,,NaCl,150 mM,DSC,Thermal,7.2,,P04637,"IPR008967:p53-like_TF_DNA-bd_sf, IPR012346:p53/RUNT-type_TF_DNA-bd_sf, IPR011615:p53_DNA-bd, IPR040926:p53_TAD2, IPR036674:p53_tetramer_sf, IPR010991:p53_tetrameristn, IPR013872:p53_transactivation_domain, IPR002117:p53_tumour_suppressor",,,,"9.0, 8.0, 9.0, 8.0","2V5W, 1TUP, 1SAK","25.693750381469727, 21.02999973297119, 25.575000286102295, 22.99749994277954, 28.80999994277954, 30.4742853982108, 20.681249737739563, 36.99625015258789, 40.4375, 45.91857092721121, 42.54875040054321, 32.62750053405762",in tunnel,in pocket,19515728,10.1093/protein/gzp018,2009,ProTherm,
16839,,7604,,,393,"M133L, V203A, N239Y, N268D",,,Cellular tumor antigen p53,Homo sapiens,,2.56,,,,,,,,,,,-2.48,Yes,,,,,Sodium phosphate,25 mM,37.0,Potassium chloride,150 mM,Fluorescence,Urea,7.2,,P04637,"IPR008967:p53-like_TF_DNA-bd_sf, IPR012346:p53/RUNT-type_TF_DNA-bd_sf, IPR011615:p53_DNA-bd, IPR040926:p53_TAD2, IPR036674:p53_tetramer_sf, IPR010991:p53_tetrameristn, IPR013872:p53_transactivation_domain, IPR002117:p53_tumour_suppressor",,,,"9.0, 8.0, 9.0, 8.0","2V5W, 1TUP, 1SAK","25.693750381469727, 21.02999973297119, 25.575000286102295, 22.99749994277954, 28.80999994277954, 30.4742853982108, 20.681249737739563, 36.99625015258789, 40.4375, 45.91857092721121, 42.54875040054321, 32.62750053405762",in tunnel,in pocket,19515728,10.1093/protein/gzp018,2009,ProTherm,
16861,,7604,,,393,"M133L, V203A, N239Y, N268D",,,Cellular tumor antigen p53,Homo sapiens,,3.33,,,,,,,,,,,-2.75,Yes,,,,,Sodium phosphate,25 mM,30.0,Potassium chloride,150 mM,Fluorescence,Urea,7.2,,P04637,"IPR008967:p53-like_TF_DNA-bd_sf, IPR012346:p53/RUNT-type_TF_DNA-bd_sf, IPR011615:p53_DNA-bd, IPR040926:p53_TAD2, IPR036674:p53_tetramer_sf, IPR010991:p53_tetrameristn, IPR013872:p53_transactivation_domain, IPR002117:p53_tumour_suppressor",,,,"9.0, 8.0, 9.0, 8.0","2V5W, 1TUP, 1SAK","25.693750381469727, 21.02999973297119, 25.575000286102295, 22.99749994277954, 28.80999994277954, 30.4742853982108, 20.681249737739563, 36.99625015258789, 40.4375, 45.91857092721121, 42.54875040054321, 32.62750053405762",in tunnel,in pocket,19515728,10.1093/protein/gzp018,2009,ProTherm,
17351,,7604,,,393,"M133L, V203A, N239Y, N268D",,,Cellular tumor antigen p53,Homo sapiens,,3.81,,,,,,,,,,,-2.88,Yes,,,,,Sodium phosphate,25 mM,20.0,Potassium chloride,150 mM,Fluorescence,Urea,7.2,,P04637,"IPR008967:p53-like_TF_DNA-bd_sf, IPR012346:p53/RUNT-type_TF_DNA-bd_sf, IPR011615:p53_DNA-bd, IPR040926:p53_TAD2, IPR036674:p53_tetramer_sf, IPR010991:p53_tetrameristn, IPR013872:p53_transactivation_domain, IPR002117:p53_tumour_suppressor",,,,"9.0, 8.0, 9.0, 8.0","2V5W, 1TUP, 1SAK","25.693750381469727, 21.02999973297119, 25.575000286102295, 22.99749994277954, 28.80999994277954, 30.4742853982108, 20.681249737739563, 36.99625015258789, 40.4375, 45.91857092721121, 42.54875040054321, 32.62750053405762",in tunnel,in pocket,19515728,10.1093/protein/gzp018,2009,ProTherm,
17370,,7604,,,393,"M133L, V203A, N239Y, N268D",,,Cellular tumor antigen p53,Homo sapiens,,4.05,,,,,,,,,,,-2.92,Yes,,,,,Sodium phosphate,25 mM,10.0,Potassium chloride,150 mM,Fluorescence,Urea,7.2,,P04637,"IPR008967:p53-like_TF_DNA-bd_sf, IPR012346:p53/RUNT-type_TF_DNA-bd_sf, IPR011615:p53_DNA-bd, IPR040926:p53_TAD2, IPR036674:p53_tetramer_sf, IPR010991:p53_tetrameristn, IPR013872:p53_transactivation_domain, IPR002117:p53_tumour_suppressor",,,,"9.0, 8.0, 9.0, 8.0","2V5W, 1TUP, 1SAK","25.693750381469727, 21.02999973297119, 25.575000286102295, 22.99749994277954, 28.80999994277954, 30.4742853982108, 20.681249737739563, 36.99625015258789, 40.4375, 45.91857092721121, 42.54875040054321, 32.62750053405762",in tunnel,in pocket,19515728,10.1093/protein/gzp018,2009,ProTherm,
17371,,7604,,,393,"M133L, V203A, N239Y, N268D",,,Cellular tumor antigen p53,Homo sapiens,,3.97,,,,,,,,,,,-2.96,Yes,,,,,Sodium phosphate,25 mM,10.0,Potassium chloride,150 mM,Fluorescence,Urea,7.2,,P04637,"IPR008967:p53-like_TF_DNA-bd_sf, IPR012346:p53/RUNT-type_TF_DNA-bd_sf, IPR011615:p53_DNA-bd, IPR040926:p53_TAD2, IPR036674:p53_tetramer_sf, IPR010991:p53_tetrameristn, IPR013872:p53_transactivation_domain, IPR002117:p53_tumour_suppressor",,,,"9.0, 8.0, 9.0, 8.0","2V5W, 1TUP, 1SAK","25.693750381469727, 21.02999973297119, 25.575000286102295, 22.99749994277954, 28.80999994277954, 30.4742853982108, 20.681249737739563, 36.99625015258789, 40.4375, 45.91857092721121, 42.54875040054321, 32.62750053405762",in tunnel,in pocket,19515728,10.1093/protein/gzp018,2009,ProTherm,
17372,,7604,,,393,"M133L, V203A, N239Y, N268D",,,Cellular tumor antigen p53,Homo sapiens,,4.12,,,,,,,,,,,-3.1,Yes,,,,,Sodium phosphate,25 mM,10.0,Potassium chloride,150 mM,Fluorescence,Urea,7.2,,P04637,"IPR008967:p53-like_TF_DNA-bd_sf, IPR012346:p53/RUNT-type_TF_DNA-bd_sf, IPR011615:p53_DNA-bd, IPR040926:p53_TAD2, IPR036674:p53_tetramer_sf, IPR010991:p53_tetrameristn, IPR013872:p53_transactivation_domain, IPR002117:p53_tumour_suppressor",,,,"9.0, 8.0, 9.0, 8.0","2V5W, 1TUP, 1SAK","25.693750381469727, 21.02999973297119, 25.575000286102295, 22.99749994277954, 28.80999994277954, 30.4742853982108, 20.681249737739563, 36.99625015258789, 40.4375, 45.91857092721121, 42.54875040054321, 32.62750053405762",in tunnel,in pocket,19515728,10.1093/protein/gzp018,2009,ProTherm,
16136,,7605,,,393,"M133L, V203A, N239Y, N268D, Y236F, T253I",,,Cellular tumor antigen p53,Homo sapiens,,,,,,,,,,,,6.0,,No,,,51.3,,Sodium phosphate,25 mM,,NaCl,150 mM,DSC,Thermal,7.2,,P04637,"IPR008967:p53-like_TF_DNA-bd_sf, IPR012346:p53/RUNT-type_TF_DNA-bd_sf, IPR011615:p53_DNA-bd, IPR040926:p53_TAD2, IPR036674:p53_tetramer_sf, IPR010991:p53_tetrameristn, IPR013872:p53_transactivation_domain, IPR002117:p53_tumour_suppressor",,,,"9.0, 8.0, 6.0, 9.0, 8.0, 8.0","2V5W, 1TUP, 1SAK","25.693750381469727, 21.02999973297119, 13.885833342870077, 25.575000286102295, 13.78428568158831, 22.99749994277954, 28.80999994277954, 30.4742853982108, 25.28499968846639, 20.681249737739563, 25.52857153756278, 36.99625015258789, 40.4375, 45.91857092721121, 33.45083316167196, 42.54875040054321, 24.920000076293945, 32.62750053405762",in tunnel,in pocket,19515728,10.1093/protein/gzp018,2009,ProTherm,
16840,,7605,,,393,"M133L, V203A, N239Y, N268D, Y236F, T253I",,,Cellular tumor antigen p53,Homo sapiens,,3.37,,,,,,,,,,,-2.18,Yes,,,,,Sodium phosphate,25 mM,37.0,Potassium chloride,150 mM,Fluorescence,Urea,7.2,,P04637,"IPR008967:p53-like_TF_DNA-bd_sf, IPR012346:p53/RUNT-type_TF_DNA-bd_sf, IPR011615:p53_DNA-bd, IPR040926:p53_TAD2, IPR036674:p53_tetramer_sf, IPR010991:p53_tetrameristn, IPR013872:p53_transactivation_domain, IPR002117:p53_tumour_suppressor",,,,"9.0, 8.0, 6.0, 9.0, 8.0, 8.0","2V5W, 1TUP, 1SAK","25.693750381469727, 21.02999973297119, 13.885833342870077, 25.575000286102295, 13.78428568158831, 22.99749994277954, 28.80999994277954, 30.4742853982108, 25.28499968846639, 20.681249737739563, 25.52857153756278, 36.99625015258789, 40.4375, 45.91857092721121, 33.45083316167196, 42.54875040054321, 24.920000076293945, 32.62750053405762",in tunnel,in pocket,19515728,10.1093/protein/gzp018,2009,ProTherm,
16862,,7605,,,393,"M133L, V203A, N239Y, N268D, Y236F, T253I",,,Cellular tumor antigen p53,Homo sapiens,,4.04,,,,,,,,,,,-2.24,Yes,,,,,Sodium phosphate,25 mM,30.0,Potassium chloride,150 mM,Fluorescence,Urea,7.2,,P04637,"IPR008967:p53-like_TF_DNA-bd_sf, IPR012346:p53/RUNT-type_TF_DNA-bd_sf, IPR011615:p53_DNA-bd, IPR040926:p53_TAD2, IPR036674:p53_tetramer_sf, IPR010991:p53_tetrameristn, IPR013872:p53_transactivation_domain, IPR002117:p53_tumour_suppressor",,,,"9.0, 8.0, 6.0, 9.0, 8.0, 8.0","2V5W, 1TUP, 1SAK","25.693750381469727, 21.02999973297119, 13.885833342870077, 25.575000286102295, 13.78428568158831, 22.99749994277954, 28.80999994277954, 30.4742853982108, 25.28499968846639, 20.681249737739563, 25.52857153756278, 36.99625015258789, 40.4375, 45.91857092721121, 33.45083316167196, 42.54875040054321, 24.920000076293945, 32.62750053405762",in tunnel,in pocket,19515728,10.1093/protein/gzp018,2009,ProTherm,
17352,,7605,,,393,"M133L, V203A, N239Y, N268D, Y236F, T253I",,,Cellular tumor antigen p53,Homo sapiens,,4.55,,,,,,,,,,,-2.27,Yes,,,,,Sodium phosphate,25 mM,20.0,Potassium chloride,150 mM,Fluorescence,Urea,7.2,,P04637,"IPR008967:p53-like_TF_DNA-bd_sf, IPR012346:p53/RUNT-type_TF_DNA-bd_sf, IPR011615:p53_DNA-bd, IPR040926:p53_TAD2, IPR036674:p53_tetramer_sf, IPR010991:p53_tetrameristn, IPR013872:p53_transactivation_domain, IPR002117:p53_tumour_suppressor",,,,"9.0, 8.0, 6.0, 9.0, 8.0, 8.0","2V5W, 1TUP, 1SAK","25.693750381469727, 21.02999973297119, 13.885833342870077, 25.575000286102295, 13.78428568158831, 22.99749994277954, 28.80999994277954, 30.4742853982108, 25.28499968846639, 20.681249737739563, 25.52857153756278, 36.99625015258789, 40.4375, 45.91857092721121, 33.45083316167196, 42.54875040054321, 24.920000076293945, 32.62750053405762",in tunnel,in pocket,19515728,10.1093/protein/gzp018,2009,ProTherm,
17373,,7605,,,393,"M133L, V203A, N239Y, N268D, Y236F, T253I",,,Cellular tumor antigen p53,Homo sapiens,,4.99,,,,,,,,,,,-2.1,Yes,,,,,Sodium phosphate,25 mM,10.0,Potassium chloride,150 mM,Fluorescence,Urea,7.2,,P04637,"IPR008967:p53-like_TF_DNA-bd_sf, IPR012346:p53/RUNT-type_TF_DNA-bd_sf, IPR011615:p53_DNA-bd, IPR040926:p53_TAD2, IPR036674:p53_tetramer_sf, IPR010991:p53_tetrameristn, IPR013872:p53_transactivation_domain, IPR002117:p53_tumour_suppressor",,,,"9.0, 8.0, 6.0, 9.0, 8.0, 8.0","2V5W, 1TUP, 1SAK","25.693750381469727, 21.02999973297119, 13.885833342870077, 25.575000286102295, 13.78428568158831, 22.99749994277954, 28.80999994277954, 30.4742853982108, 25.28499968846639, 20.681249737739563, 25.52857153756278, 36.99625015258789, 40.4375, 45.91857092721121, 33.45083316167196, 42.54875040054321, 24.920000076293945, 32.62750053405762",in tunnel,in pocket,19515728,10.1093/protein/gzp018,2009,ProTherm,
17374,,7605,,,393,"M133L, V203A, N239Y, N268D, Y236F, T253I",,,Cellular tumor antigen p53,Homo sapiens,,5.08,,,,,,,,,,,-2.16,Yes,,,,,Sodium phosphate,25 mM,10.0,Potassium chloride,150 mM,Fluorescence,Urea,7.2,,P04637,"IPR008967:p53-like_TF_DNA-bd_sf, IPR012346:p53/RUNT-type_TF_DNA-bd_sf, IPR011615:p53_DNA-bd, IPR040926:p53_TAD2, IPR036674:p53_tetramer_sf, IPR010991:p53_tetrameristn, IPR013872:p53_transactivation_domain, IPR002117:p53_tumour_suppressor",,,,"9.0, 8.0, 6.0, 9.0, 8.0, 8.0","2V5W, 1TUP, 1SAK","25.693750381469727, 21.02999973297119, 13.885833342870077, 25.575000286102295, 13.78428568158831, 22.99749994277954, 28.80999994277954, 30.4742853982108, 25.28499968846639, 20.681249737739563, 25.52857153756278, 36.99625015258789, 40.4375, 45.91857092721121, 33.45083316167196, 42.54875040054321, 24.920000076293945, 32.62750053405762",in tunnel,in pocket,19515728,10.1093/protein/gzp018,2009,ProTherm,
17375,,7605,,,393,"M133L, V203A, N239Y, N268D, Y236F, T253I",,,Cellular tumor antigen p53,Homo sapiens,,5.06,,,,,,,,,,,-2.68,Yes,,,,,Sodium phosphate,25 mM,10.0,Potassium chloride,150 mM,Fluorescence,Urea,7.2,,P04637,"IPR008967:p53-like_TF_DNA-bd_sf, IPR012346:p53/RUNT-type_TF_DNA-bd_sf, IPR011615:p53_DNA-bd, IPR040926:p53_TAD2, IPR036674:p53_tetramer_sf, IPR010991:p53_tetrameristn, IPR013872:p53_transactivation_domain, IPR002117:p53_tumour_suppressor",,,,"9.0, 8.0, 6.0, 9.0, 8.0, 8.0","2V5W, 1TUP, 1SAK","25.693750381469727, 21.02999973297119, 13.885833342870077, 25.575000286102295, 13.78428568158831, 22.99749994277954, 28.80999994277954, 30.4742853982108, 25.28499968846639, 20.681249737739563, 25.52857153756278, 36.99625015258789, 40.4375, 45.91857092721121, 33.45083316167196, 42.54875040054321, 24.920000076293945, 32.62750053405762",in tunnel,in pocket,19515728,10.1093/protein/gzp018,2009,ProTherm,
14079,,6555,,,393,R175H,,,Cellular tumor antigen p53,Homo sapiens,,2.3,,3.01,6.75,,,,,,,,2.59,yes,,,,,Sodium phosphate,50 mM,10.0,,,Fluorescence,Urea,7.2,,P04637,"IPR008967:p53-like_TF_DNA-bd_sf, IPR012346:p53/RUNT-type_TF_DNA-bd_sf, IPR011615:p53_DNA-bd, IPR040926:p53_TAD2, IPR036674:p53_tetramer_sf, IPR010991:p53_tetrameristn, IPR013872:p53_transactivation_domain, IPR002117:p53_tumour_suppressor",,,,9.0,"2V5W, 1TUP, 1SAK","23.012727043845437, 24.35818204012784, 35.60363561456854",in tunnel,in pocket,9405613,10.1073/pnas.94.26.14338,1997,ProTherm,"capriotti_S1615_map.csv, khan_protherm_data_mapped.csv, potapov_with_uniprot_mapping.csv"
16134,,7603,,,393,"Y236F, T253I",,,Cellular tumor antigen p53,Homo sapiens,,,,,,,,,,,,-0.2,,No,,,45.1,,Sodium phosphate,25 mM,,NaCl,150 mM,DSC,Thermal,7.2,,P04637,"IPR008967:p53-like_TF_DNA-bd_sf, IPR012346:p53/RUNT-type_TF_DNA-bd_sf, IPR011615:p53_DNA-bd, IPR040926:p53_TAD2, IPR036674:p53_tetramer_sf, IPR010991:p53_tetrameristn, IPR013872:p53_transactivation_domain, IPR002117:p53_tumour_suppressor",,,,"6.0, 8.0","2V5W, 1TUP, 1SAK","13.885833342870077, 13.78428568158831, 25.28499968846639, 25.52857153756278, 33.45083316167196, 24.920000076293945",,,19515728,10.1093/protein/gzp018,2009,ProTherm,
14080,,6556,,,393,C242S,,,Cellular tumor antigen p53,Homo sapiens,,2.33,,2.94,6.82,,,,,,,,2.68,yes,,,,,Sodium phosphate,50 mM,10.0,,,Fluorescence,Urea,7.2,,P04637,"IPR008967:p53-like_TF_DNA-bd_sf, IPR012346:p53/RUNT-type_TF_DNA-bd_sf, IPR011615:p53_DNA-bd, IPR040926:p53_TAD2, IPR036674:p53_tetramer_sf, IPR010991:p53_tetrameristn, IPR013872:p53_transactivation_domain, IPR002117:p53_tumour_suppressor",,,binding site,9.0,"2V5W, 1TUP, 1SAK","28.56000010172526, 28.794999758402508, 36.821666399637856",in tunnel,in pocket,9405613,10.1073/pnas.94.26.14338,1997,ProTherm,"capriotti_S1615_map.csv, khan_protherm_data_mapped.csv, potapov_with_uniprot_mapping.csv"
14081,,6557,,,393,R248Q,,,Cellular tumor antigen p53,Homo sapiens,,2.67,,1.94,7.82,,,,,,,,2.91,yes,,,,,Sodium phosphate,50 mM,10.0,,,Fluorescence,Urea,7.2,,P04637,"IPR008967:p53-like_TF_DNA-bd_sf, IPR012346:p53/RUNT-type_TF_DNA-bd_sf, IPR011615:p53_DNA-bd, IPR040926:p53_TAD2, IPR036674:p53_tetramer_sf, IPR010991:p53_tetrameristn, IPR013872:p53_transactivation_domain, IPR002117:p53_tumour_suppressor",,,,9.0,"2V5W, 1TUP, 1SAK","39.509999708695844, 43.400909423828125, 50.85272771661932",in tunnel,in pocket,9405613,10.1073/pnas.94.26.14338,1997,ProTherm,"capriotti_S1615_map.csv, khan_protherm_data_mapped.csv, potapov_with_uniprot_mapping.csv"
14082,,6558,,,393,R249S,,,Cellular tumor antigen p53,Homo sapiens,,2.66,,1.95,7.81,,,,,,,,3.09,yes,,,,,Sodium phosphate,50 mM,10.0,,,Fluorescence,Urea,7.2,,P04637,"IPR008967:p53-like_TF_DNA-bd_sf, IPR012346:p53/RUNT-type_TF_DNA-bd_sf, IPR011615:p53_DNA-bd, IPR040926:p53_TAD2, IPR036674:p53_tetramer_sf, IPR010991:p53_tetrameristn, IPR013872:p53_transactivation_domain, IPR002117:p53_tumour_suppressor",,,,9.0,"2V5W, 1TUP, 1SAK","24.18000013178045, 28.246363726529207, 37.360908855091445",in tunnel,in pocket,9405613,10.1073/pnas.94.26.14338,1997,ProTherm,"capriotti_S1615_map.csv, khan_protherm_data_mapped.csv, potapov_with_uniprot_mapping.csv"
14083,,6559,,,393,R273H,,,Cellular tumor antigen p53,Homo sapiens,,3.21,,0.35,9.41,,,,,,,,3.11,yes,,,,,Sodium phosphate,50 mM,10.0,,,Fluorescence,Urea,7.2,,P04637,"IPR008967:p53-like_TF_DNA-bd_sf, IPR012346:p53/RUNT-type_TF_DNA-bd_sf, IPR011615:p53_DNA-bd, IPR040926:p53_TAD2, IPR036674:p53_tetramer_sf, IPR010991:p53_tetrameristn, IPR013872:p53_transactivation_domain, IPR002117:p53_tumour_suppressor",,,,9.0,"2V5W, 1TUP, 1SAK","24.193636720830742, 29.041818271983754, 50.15181766856801",in tunnel,in pocket,9405613,10.1073/pnas.94.26.14338,1997,ProTherm,"capriotti_S1615_map.csv, khan_protherm_data_mapped.csv, potapov_with_uniprot_mapping.csv"
10867,,4631,,,393,E326A,,,Cellular tumor antigen p53,Homo sapiens,,,,1.6,,,,,,,,,5.0,Unknown,,,,,phosphate,25 mM,25.0,,,CD,GdnHCl,7.0,,P04637,"IPR008967:p53-like_TF_DNA-bd_sf, IPR012346:p53/RUNT-type_TF_DNA-bd_sf, IPR011615:p53_DNA-bd, IPR040926:p53_TAD2, IPR036674:p53_tetramer_sf, IPR010991:p53_tetrameristn, IPR013872:p53_transactivation_domain, IPR002117:p53_tumour_suppressor",,,,5.0,"2V5W, 1TUP, 1SAK","0.82199999888738, 0.8259999970595042, 0.8213333328564961, 0.8266666611035665",,,10048932,10.1038/5880,1999,ProTherm,
10868,,4632,,,393,F328A,,,Cellular tumor antigen p53,Homo sapiens,,,,7.2,,,,,,,,,10.5,Unknown,,,,,phosphate,25 mM,25.0,,,CD,GdnHCl,7.0,,P04637,"IPR008967:p53-like_TF_DNA-bd_sf, IPR012346:p53/RUNT-type_TF_DNA-bd_sf, IPR011615:p53_DNA-bd, IPR040926:p53_TAD2, IPR036674:p53_tetramer_sf, IPR010991:p53_tetrameristn, IPR013872:p53_transactivation_domain, IPR002117:p53_tumour_suppressor",,,,6.0,"2V5W, 1TUP, 1SAK","0.41300000101327894, 0.4180000007152557, 0.4145000010728836, 0.41300000101327894",,in pocket,10048932,10.1038/5880,1999,ProTherm,
11052,,4688,,,393,F328L,,,Cellular tumor antigen p53,Homo sapiens,,1.41,,3.5,29.0,,,,,,,,7.5,Unknown,,,,,phosphate,25 mM,25.0,,,CD,GdnHCl,7.0,,P04637,"IPR008967:p53-like_TF_DNA-bd_sf, IPR012346:p53/RUNT-type_TF_DNA-bd_sf, IPR011615:p53_DNA-bd, IPR040926:p53_TAD2, IPR036674:p53_tetramer_sf, IPR010991:p53_tetrameristn, IPR013872:p53_transactivation_domain, IPR002117:p53_tumour_suppressor",,,,6.0,"2V5W, 1TUP, 1SAK","0.41300000101327894, 0.4180000007152557, 0.4145000010728836, 0.41300000101327894",,in pocket,10097082,10.1073/pnas.96.7.3595,1999,ProTherm,
15396,,7148,,,393,"F328L, I332V, F341L, L344I",,,Cellular tumor antigen p53,Homo sapiens,,1.2,,5.7,26.8,,,,,,,,6.9,Unknown,,,,,phosphate,25 mM,25.0,,,CD,GdnHCl,7.0,,P04637,"IPR008967:p53-like_TF_DNA-bd_sf, IPR012346:p53/RUNT-type_TF_DNA-bd_sf, IPR011615:p53_DNA-bd, IPR040926:p53_TAD2, IPR036674:p53_tetramer_sf, IPR010991:p53_tetrameristn, IPR013872:p53_transactivation_domain, IPR002117:p53_tumour_suppressor",,,,"6.0, 6.0, 6.0, 6.0","2V5W, 1TUP, 1SAK","0.41300000101327894, 0.5247368404739782, 0.4260000020265579, 0.5084210500905388, 0.4180000007152557, 0.5331578976229617, 0.4290000028908253, 0.5157894633318248, 0.4145000010728836, 0.5336842191846747, 0.4300000049173832, 0.5157894703902697, 0.41300000101327894, 0.5242105251864383, 0.42800000235438346, 0.5110526273125097",,in pocket,10097082,10.1073/pnas.96.7.3595,1999,ProTherm,
10869,,4633,,,393,T329A,,,Cellular tumor antigen p53,Homo sapiens,,,,3.6,,,,,,,,,5.4,Unknown,,,,,phosphate,25 mM,25.0,,,CD,GdnHCl,7.0,,P04637,"IPR008967:p53-like_TF_DNA-bd_sf, IPR012346:p53/RUNT-type_TF_DNA-bd_sf, IPR011615:p53_DNA-bd, IPR040926:p53_TAD2, IPR036674:p53_tetramer_sf, IPR010991:p53_tetrameristn, IPR013872:p53_transactivation_domain, IPR002117:p53_tumour_suppressor",,,,5.0,"2V5W, 1TUP, 1SAK","0.4978571374501501, 0.49714285348142895, 0.4978571417076247, 0.4985714224832399",,,10048932,10.1038/5880,1999,ProTherm,
11053,,4689,,,393,L330F,,,Cellular tumor antigen p53,Homo sapiens,,1.19,,5.2,27.3,,,,,,,,7.4,Unknown,,,,,phosphate,25 mM,25.0,,,CD,GdnHCl,7.0,,P04637,"IPR008967:p53-like_TF_DNA-bd_sf, IPR012346:p53/RUNT-type_TF_DNA-bd_sf, IPR011615:p53_DNA-bd, IPR040926:p53_TAD2, IPR036674:p53_tetramer_sf, IPR010991:p53_tetrameristn, IPR013872:p53_transactivation_domain, IPR002117:p53_tumour_suppressor",,,,8.0,"2V5W, 1TUP, 1SAK","0.5473684213663402, 0.5457894755037207, 0.5478947374381518, 0.5478947366538801",,in pocket,10097082,10.1073/pnas.96.7.3595,1999,ProTherm,
10870,,4634,,,393,Q331A,,,Cellular tumor antigen p53,Homo sapiens,,,,1.4,,,,,,,,,5.3,Unknown,,,,,phosphate,25 mM,25.0,,,CD,GdnHCl,7.0,,P04637,"IPR008967:p53-like_TF_DNA-bd_sf, IPR012346:p53/RUNT-type_TF_DNA-bd_sf, IPR011615:p53_DNA-bd, IPR040926:p53_TAD2, IPR036674:p53_tetramer_sf, IPR010991:p53_tetrameristn, IPR013872:p53_transactivation_domain, IPR002117:p53_tumour_suppressor",,,,5.0,"2V5W, 1TUP, 1SAK","0.6652941160342273, 0.6723529433502871, 0.6729411798364976, 0.6664705872535706",,in pocket,10048932,10.1038/5880,1999,ProTherm,
10871,,4635,,,393,I332V,,,Cellular tumor antigen p53,Homo sapiens,,,,4.8,,,,,,,,,4.2,Unknown,,,,,phosphate,25 mM,25.0,,,CD,GdnHCl,7.0,,P04637,"IPR008967:p53-like_TF_DNA-bd_sf, IPR012346:p53/RUNT-type_TF_DNA-bd_sf, IPR011615:p53_DNA-bd, IPR040926:p53_TAD2, IPR036674:p53_tetramer_sf, IPR010991:p53_tetrameristn, IPR013872:p53_transactivation_domain, IPR002117:p53_tumour_suppressor",,,,6.0,"2V5W, 1TUP, 1SAK","0.5247368404739782, 0.5331578976229617, 0.5336842191846747, 0.5242105251864383",,in pocket,10048932,10.1038/5880,1999,ProTherm,
11054,,4635,,,393,I332V,,,Cellular tumor antigen p53,Homo sapiens,,2.25,,5.0,27.5,,,,,,,,4.2,Unknown,,,,,phosphate,25 mM,25.0,,,CD,GdnHCl,7.0,,P04637,"IPR008967:p53-like_TF_DNA-bd_sf, IPR012346:p53/RUNT-type_TF_DNA-bd_sf, IPR011615:p53_DNA-bd, IPR040926:p53_TAD2, IPR036674:p53_tetramer_sf, IPR010991:p53_tetrameristn, IPR013872:p53_transactivation_domain, IPR002117:p53_tumour_suppressor",,,,6.0,"2V5W, 1TUP, 1SAK","0.5247368404739782, 0.5331578976229617, 0.5336842191846747, 0.5242105251864383",,in pocket,10097082,10.1073/pnas.96.7.3595,1999,ProTherm,
15392,,7144,,,393,"I332V, F341L",,,Cellular tumor antigen p53,Homo sapiens,,1.88,,2.2,30.3,,,,,,,,6.3,Unknown,,,,,phosphate,25 mM,25.0,,,CD,GdnHCl,7.0,,P04637,"IPR008967:p53-like_TF_DNA-bd_sf, IPR012346:p53/RUNT-type_TF_DNA-bd_sf, IPR011615:p53_DNA-bd, IPR040926:p53_TAD2, IPR036674:p53_tetramer_sf, IPR010991:p53_tetrameristn, IPR013872:p53_transactivation_domain, IPR002117:p53_tumour_suppressor",,,,"6.0, 6.0","2V5W, 1TUP, 1SAK","0.5247368404739782, 0.4260000020265579, 0.5331578976229617, 0.4290000028908253, 0.5336842191846747, 0.4300000049173832, 0.5242105251864383, 0.42800000235438346",,in pocket,10097082,10.1073/pnas.96.7.3595,1999,ProTherm,
15393,,7145,,,393,"I332V, M340I, F341L",,,Cellular tumor antigen p53,Homo sapiens,,1.76,,3.1,29.4,,,,,,,,6.2,Unknown,,,,,phosphate,25 mM,25.0,,,CD,GdnHCl,7.0,,P04637,"IPR008967:p53-like_TF_DNA-bd_sf, IPR012346:p53/RUNT-type_TF_DNA-bd_sf, IPR011615:p53_DNA-bd, IPR040926:p53_TAD2, IPR036674:p53_tetramer_sf, IPR010991:p53_tetrameristn, IPR013872:p53_transactivation_domain, IPR002117:p53_tumour_suppressor",,,,"6.0, 6.0, 6.0","2V5W, 1TUP, 1SAK","0.5247368404739782, 0.4117647120181252, 0.4260000020265579, 0.5331578976229617, 0.41705883075209227, 0.4290000028908253, 0.5336842191846747, 0.4194117705611622, 0.4300000049173832, 0.5242105251864383, 0.4176470628556083, 0.42800000235438346",,in pocket,10097082,10.1073/pnas.96.7.3595,1999,ProTherm,
15395,,7147,,,393,"I332V, F341L, L344I",,,Cellular tumor antigen p53,Homo sapiens,,2.55,,0.1,32.4,,,,,,,,5.5,Unknown,,,,,phosphate,25 mM,25.0,,,CD,GdnHCl,7.0,,P04637,"IPR008967:p53-like_TF_DNA-bd_sf, IPR012346:p53/RUNT-type_TF_DNA-bd_sf, IPR011615:p53_DNA-bd, IPR040926:p53_TAD2, IPR036674:p53_tetramer_sf, IPR010991:p53_tetrameristn, IPR013872:p53_transactivation_domain, IPR002117:p53_tumour_suppressor",,,,"6.0, 6.0, 6.0","2V5W, 1TUP, 1SAK","0.5247368404739782, 0.4260000020265579, 0.5084210500905388, 0.5331578976229617, 0.4290000028908253, 0.5157894633318248, 0.5336842191846747, 0.4300000049173832, 0.5157894703902697, 0.5242105251864383, 0.42800000235438346, 0.5110526273125097",,in pocket,10097082,10.1073/pnas.96.7.3595,1999,ProTherm,
10872,,4636,,,393,R333A,,,Cellular tumor antigen p53,Homo sapiens,,,,3.9,,,,,,,,,5.2,Unknown,,,,,phosphate,25 mM,25.0,,,CD,GdnHCl,7.0,,P04637,"IPR008967:p53-like_TF_DNA-bd_sf, IPR012346:p53/RUNT-type_TF_DNA-bd_sf, IPR011615:p53_DNA-bd, IPR040926:p53_TAD2, IPR036674:p53_tetramer_sf, IPR010991:p53_tetrameristn, IPR013872:p53_transactivation_domain, IPR002117:p53_tumour_suppressor",,,,5.0,"2V5W, 1TUP, 1SAK","1.1141666695475578, 1.1245833300054073, 1.1266666650772095, 1.1158333346247673",,in pocket,10048932,10.1038/5880,1999,ProTherm,
1978,,1101,,,393,G334V,,,Cellular tumor antigen p53,Homo sapiens,,,,,,,,,,,,-24.0,,No,,,48.0,,sodium phosphate,50 mM,,NaCl,100 mM,CD,Thermal,7.5,,P04637,"IPR008967:p53-like_TF_DNA-bd_sf, IPR012346:p53/RUNT-type_TF_DNA-bd_sf, IPR011615:p53_DNA-bd, IPR040926:p53_TAD2, IPR036674:p53_tetramer_sf, IPR010991:p53_tetrameristn, IPR013872:p53_transactivation_domain, IPR002117:p53_tumour_suppressor",,,,9.0,"2V5W, 1TUP, 1SAK","0.37142856631960186, 0.37142856631960186, 0.3771428550992693, 0.37142856631960186",,in pocket,16460008,10.1021/bi051192j,2006,ProTherm,"AUTOMUTE_S1925.csv, I_Mutant2.0_S1948.csv, I_Mutant2.0_S2087.csv, iPTREE-STAB_S1859.csv, M47andM8_S2760.csv, Saraboji_S1396.csv, SVM-WIN31_SVM-3D12_S1634.csv, SVM-WIN31_SVM-3D12_S1681.csv, M47andM8_S1810.csv"
9689,,1101,,,393,G334V,,,Cellular tumor antigen p53,Homo sapiens,,0.6,,,,,,,,,,,,No,,,,,sodium phosphate,50 mM,25.0,NaCl,100 mM,CD,GdnHCl,7.5,,P04637,"IPR008967:p53-like_TF_DNA-bd_sf, IPR012346:p53/RUNT-type_TF_DNA-bd_sf, IPR011615:p53_DNA-bd, IPR040926:p53_TAD2, IPR036674:p53_tetramer_sf, IPR010991:p53_tetrameristn, IPR013872:p53_transactivation_domain, IPR002117:p53_tumour_suppressor",,,,9.0,"2V5W, 1TUP, 1SAK","0.37142856631960186, 0.37142856631960186, 0.3771428550992693, 0.37142856631960186",,in pocket,16460008,10.1021/bi051192j,2006,ProTherm,
10873,,4637,,,393,R335A,,,Cellular tumor antigen p53,Homo sapiens,,,,2.1,,,,,,,,,5.8,Unknown,,,,,phosphate,25 mM,25.0,,,CD,GdnHCl,7.0,,P04637,"IPR008967:p53-like_TF_DNA-bd_sf, IPR012346:p53/RUNT-type_TF_DNA-bd_sf, IPR011615:p53_DNA-bd, IPR040926:p53_TAD2, IPR036674:p53_tetramer_sf, IPR010991:p53_tetrameristn, IPR013872:p53_transactivation_domain, IPR002117:p53_tumour_suppressor",,,,7.0,"2V5W, 1TUP, 1SAK","1.3562499918043613, 1.364583318432172, 1.3691666536033154, 1.3574999906122684",,in pocket,10048932,10.1038/5880,1999,ProTherm,
10874,,4638,,,393,E336A,,,Cellular tumor antigen p53,Homo sapiens,,,,-3.0,,,,,,,,,6.1,Unknown,,,,,phosphate,25 mM,25.0,,,CD,GdnHCl,7.0,,P04637,"IPR008967:p53-like_TF_DNA-bd_sf, IPR012346:p53/RUNT-type_TF_DNA-bd_sf, IPR011615:p53_DNA-bd, IPR040926:p53_TAD2, IPR036674:p53_tetramer_sf, IPR010991:p53_tetrameristn, IPR013872:p53_transactivation_domain, IPR002117:p53_tumour_suppressor",,,,4.0,"2V5W, 1TUP, 1SAK","1.1146666646003722, 1.112666670481364, 1.1146666685740152, 1.1159999986489615",,in pocket,10048932,10.1038/5880,1999,ProTherm,
10875,,4639,,,393,R337A,,,Cellular tumor antigen p53,Homo sapiens,,,,9.3,,,,,,,,,5.0,Unknown,,,,,phosphate,25 mM,25.0,,,CD,GdnHCl,7.0,,P04637,"IPR008967:p53-like_TF_DNA-bd_sf, IPR012346:p53/RUNT-type_TF_DNA-bd_sf, IPR011615:p53_DNA-bd, IPR040926:p53_TAD2, IPR036674:p53_tetramer_sf, IPR010991:p53_tetrameristn, IPR013872:p53_transactivation_domain, IPR002117:p53_tumour_suppressor",,,,8.0,"2V5W, 1TUP, 1SAK","0.9545833307007948, 0.948749997963508, 0.9508333317935467, 0.9558333307504654",,in pocket,10048932,10.1038/5880,1999,ProTherm,
10876,,4640,,,393,F338A,,,Cellular tumor antigen p53,Homo sapiens,,,,7.2,,,,,,,,,6.0,Unknown,,,,,phosphate,25 mM,25.0,,,CD,GdnHCl,7.0,,P04637,"IPR008967:p53-like_TF_DNA-bd_sf, IPR012346:p53/RUNT-type_TF_DNA-bd_sf, IPR011615:p53_DNA-bd, IPR040926:p53_TAD2, IPR036674:p53_tetramer_sf, IPR010991:p53_tetrameristn, IPR013872:p53_transactivation_domain, IPR002117:p53_tumour_suppressor",,,,6.0,"2V5W, 1TUP, 1SAK","0.34800000190734864, 0.34200000017881393, 0.3415000006556511, 0.34850000143051146",,in pocket,10048932,10.1038/5880,1999,ProTherm,
10877,,4641,,,393,E339A,,,Cellular tumor antigen p53,Homo sapiens,,,,1.8,,,,,,,,,5.7,Unknown,,,,,phosphate,25 mM,25.0,,,CD,GdnHCl,7.0,,P04637,"IPR008967:p53-like_TF_DNA-bd_sf, IPR012346:p53/RUNT-type_TF_DNA-bd_sf, IPR011615:p53_DNA-bd, IPR040926:p53_TAD2, IPR036674:p53_tetramer_sf, IPR010991:p53_tetrameristn, IPR013872:p53_transactivation_domain, IPR002117:p53_tumour_suppressor",,,,6.0,"2V5W, 1TUP, 1SAK","0.604666664203008, 0.6126666645208995, 0.6119999984900156, 0.6073333323001862",,in pocket,10048932,10.1038/5880,1999,ProTherm,
10878,,4642,,,393,M340A,,,Cellular tumor antigen p53,Homo sapiens,,,,6.4,,,,,,,,,6.5,Unknown,,,,,phosphate,25 mM,25.0,,,CD,GdnHCl,7.0,,P04637,"IPR008967:p53-like_TF_DNA-bd_sf, IPR012346:p53/RUNT-type_TF_DNA-bd_sf, IPR011615:p53_DNA-bd, IPR040926:p53_TAD2, IPR036674:p53_tetramer_sf, IPR010991:p53_tetrameristn, IPR013872:p53_transactivation_domain, IPR002117:p53_tumour_suppressor",,,,6.0,"2V5W, 1TUP, 1SAK","0.4117647120181252, 0.41705883075209227, 0.4194117705611622, 0.4176470628556083",,in pocket,10048932,10.1038/5880,1999,ProTherm,
11055,,4690,,,393,M340I,,,Cellular tumor antigen p53,Homo sapiens,,2.14,,-0.7,33.2,,,,,,,,6.9,Unknown,,,,,phosphate,25 mM,25.0,,,CD,GdnHCl,7.0,,P04637,"IPR008967:p53-like_TF_DNA-bd_sf, IPR012346:p53/RUNT-type_TF_DNA-bd_sf, IPR011615:p53_DNA-bd, IPR040926:p53_TAD2, IPR036674:p53_tetramer_sf, IPR010991:p53_tetrameristn, IPR013872:p53_transactivation_domain, IPR002117:p53_tumour_suppressor",,,,6.0,"2V5W, 1TUP, 1SAK","0.4117647120181252, 0.41705883075209227, 0.4194117705611622, 0.4176470628556083",,in pocket,10097082,10.1073/pnas.96.7.3595,1999,ProTherm,
10879,,4643,,,393,F341L,,,Cellular tumor antigen p53,Homo sapiens,,,,3.1,,,,,,,,,5.4,Unknown,,,,,phosphate,25 mM,25.0,,,CD,GdnHCl,7.0,,P04637,"IPR008967:p53-like_TF_DNA-bd_sf, IPR012346:p53/RUNT-type_TF_DNA-bd_sf, IPR011615:p53_DNA-bd, IPR040926:p53_TAD2, IPR036674:p53_tetramer_sf, IPR010991:p53_tetrameristn, IPR013872:p53_transactivation_domain, IPR002117:p53_tumour_suppressor",,,,6.0,"2V5W, 1TUP, 1SAK","0.4260000020265579, 0.4290000028908253, 0.4300000049173832, 0.42800000235438346",,in pocket,10048932,10.1038/5880,1999,ProTherm,
11056,,4643,,,393,F341L,,,Cellular tumor antigen p53,Homo sapiens,,2.05,,3.3,29.2,,,,,,,,5.4,Unknown,,,,,phosphate,25 mM,25.0,,,CD,GdnHCl,7.0,,P04637,"IPR008967:p53-like_TF_DNA-bd_sf, IPR012346:p53/RUNT-type_TF_DNA-bd_sf, IPR011615:p53_DNA-bd, IPR040926:p53_TAD2, IPR036674:p53_tetramer_sf, IPR010991:p53_tetrameristn, IPR013872:p53_transactivation_domain, IPR002117:p53_tumour_suppressor",,,,6.0,"2V5W, 1TUP, 1SAK","0.4260000020265579, 0.4290000028908253, 0.4300000049173832, 0.42800000235438346",,in pocket,10097082,10.1073/pnas.96.7.3595,1999,ProTherm,
11057,,4691,,,393,F341I,,,Cellular tumor antigen p53,Homo sapiens,,1.21,,6.9,25.6,,,,,,,,6.0,Unknown,,,,,phosphate,25 mM,25.0,,,CD,GdnHCl,7.0,,P04637,"IPR008967:p53-like_TF_DNA-bd_sf, IPR012346:p53/RUNT-type_TF_DNA-bd_sf, IPR011615:p53_DNA-bd, IPR040926:p53_TAD2, IPR036674:p53_tetramer_sf, IPR010991:p53_tetrameristn, IPR013872:p53_transactivation_domain, IPR002117:p53_tumour_suppressor",,,,6.0,"2V5W, 1TUP, 1SAK","0.4260000020265579, 0.4290000028908253, 0.4300000049173832, 0.42800000235438346",,in pocket,10097082,10.1073/pnas.96.7.3595,1999,ProTherm,
15391,,7143,,,393,"F341L, L344F",,,Cellular tumor antigen p53,Homo sapiens,,1.2,,8.4,24.1,,,,,,,,4.7,Unknown,,,,,phosphate,25 mM,25.0,,,CD,GdnHCl,7.0,,P04637,"IPR008967:p53-like_TF_DNA-bd_sf, IPR012346:p53/RUNT-type_TF_DNA-bd_sf, IPR011615:p53_DNA-bd, IPR040926:p53_TAD2, IPR036674:p53_tetramer_sf, IPR010991:p53_tetrameristn, IPR013872:p53_transactivation_domain, IPR002117:p53_tumour_suppressor",,,,"6.0, 6.0","2V5W, 1TUP, 1SAK","0.4260000020265579, 0.5084210500905388, 0.4290000028908253, 0.5157894633318248, 0.4300000049173832, 0.5157894703902697, 0.42800000235438346, 0.5110526273125097",,in pocket,10097082,10.1073/pnas.96.7.3595,1999,ProTherm,
15394,,7146,,,393,"F341L, L344I",,,Cellular tumor antigen p53,Homo sapiens,,2.62,,1.3,31.2,,,,,,,,4.9,Unknown,,,,,phosphate,25 mM,25.0,,,CD,GdnHCl,7.0,,P04637,"IPR008967:p53-like_TF_DNA-bd_sf, IPR012346:p53/RUNT-type_TF_DNA-bd_sf, IPR011615:p53_DNA-bd, IPR040926:p53_TAD2, IPR036674:p53_tetramer_sf, IPR010991:p53_tetrameristn, IPR013872:p53_transactivation_domain, IPR002117:p53_tumour_suppressor",,,,"6.0, 6.0","2V5W, 1TUP, 1SAK","0.4260000020265579, 0.5084210500905388, 0.4290000028908253, 0.5157894633318248, 0.4300000049173832, 0.5157894703902697, 0.42800000235438346, 0.5110526273125097",,in pocket,10097082,10.1073/pnas.96.7.3595,1999,ProTherm,
10880,,4644,,,393,R342A,,,Cellular tumor antigen p53,Homo sapiens,,,,1.4,,,,,,,,,5.1,Unknown,,,,,phosphate,25 mM,25.0,,,CD,GdnHCl,7.0,,P04637,"IPR008967:p53-like_TF_DNA-bd_sf, IPR012346:p53/RUNT-type_TF_DNA-bd_sf, IPR011615:p53_DNA-bd, IPR040926:p53_TAD2, IPR036674:p53_tetramer_sf, IPR010991:p53_tetrameristn, IPR013872:p53_transactivation_domain, IPR002117:p53_tumour_suppressor",,,,7.0,"2V5W, 1TUP, 1SAK","0.8708333211640517, 0.8712499837080637, 0.8716666487356027, 0.8720833199719588",,in pocket,10048932,10.1038/5880,1999,ProTherm,
10881,,4645,,,393,E343A,,,Cellular tumor antigen p53,Homo sapiens,,,,1.1,,,,,,,,,5.0,Unknown,,,,,phosphate,25 mM,25.0,,,CD,GdnHCl,7.0,,P04637,"IPR008967:p53-like_TF_DNA-bd_sf, IPR012346:p53/RUNT-type_TF_DNA-bd_sf, IPR011615:p53_DNA-bd, IPR040926:p53_TAD2, IPR036674:p53_tetramer_sf, IPR010991:p53_tetrameristn, IPR013872:p53_transactivation_domain, IPR002117:p53_tumour_suppressor",,,,4.0,"2V5W, 1TUP, 1SAK","0.46400000154972076, 0.47199999789396924, 0.4699999988079071, 0.46533333460489906",,in pocket,10048932,10.1038/5880,1999,ProTherm,
11058,,4692,,,393,L344F,,,Cellular tumor antigen p53,Homo sapiens,,1.6,,6.1,26.4,,,,,,,,5.0,Unknown,,,,,phosphate,25 mM,25.0,,,CD,GdnHCl,7.0,,P04637,"IPR008967:p53-like_TF_DNA-bd_sf, IPR012346:p53/RUNT-type_TF_DNA-bd_sf, IPR011615:p53_DNA-bd, IPR040926:p53_TAD2, IPR036674:p53_tetramer_sf, IPR010991:p53_tetrameristn, IPR013872:p53_transactivation_domain, IPR002117:p53_tumour_suppressor",,,,6.0,"2V5W, 1TUP, 1SAK","0.5084210500905388, 0.5157894633318248, 0.5157894703902697, 0.5110526273125097",,in pocket,10097082,10.1073/pnas.96.7.3595,1999,ProTherm,
11059,,4693,,,393,L344I,,,Cellular tumor antigen p53,Homo sapiens,,2.42,,1.2,31.3,,,,,,,,5.3,Unknown,,,,,phosphate,25 mM,25.0,,,CD,GdnHCl,7.0,,P04637,"IPR008967:p53-like_TF_DNA-bd_sf, IPR012346:p53/RUNT-type_TF_DNA-bd_sf, IPR011615:p53_DNA-bd, IPR040926:p53_TAD2, IPR036674:p53_tetramer_sf, IPR010991:p53_tetrameristn, IPR013872:p53_transactivation_domain, IPR002117:p53_tumour_suppressor",,,,6.0,"2V5W, 1TUP, 1SAK","0.5084210500905388, 0.5157894633318248, 0.5157894703902697, 0.5110526273125097",,in pocket,10097082,10.1073/pnas.96.7.3595,1999,ProTherm,
10882,,4646,,,393,N345A,,,Cellular tumor antigen p53,Homo sapiens,,,,3.7,,,,,,,,,5.1,Unknown,,,,,phosphate,25 mM,25.0,,,CD,GdnHCl,7.0,,P04637,"IPR008967:p53-like_TF_DNA-bd_sf, IPR012346:p53/RUNT-type_TF_DNA-bd_sf, IPR011615:p53_DNA-bd, IPR040926:p53_TAD2, IPR036674:p53_tetramer_sf, IPR010991:p53_tetrameristn, IPR013872:p53_transactivation_domain, IPR002117:p53_tumour_suppressor",,,,9.0,"2V5W, 1TUP, 1SAK","0.5249999974455152, 0.5264285675116948, 0.525714282478605, 0.5249999974455152",,in pocket,10048932,10.1038/5880,1999,ProTherm,
10883,,4647,,,393,E346A,,,Cellular tumor antigen p53,Homo sapiens,,,,0.4,,,,,,,,,5.5,Unknown,,,,,phosphate,25 mM,25.0,,,CD,GdnHCl,7.0,,P04637,"IPR008967:p53-like_TF_DNA-bd_sf, IPR012346:p53/RUNT-type_TF_DNA-bd_sf, IPR011615:p53_DNA-bd, IPR040926:p53_TAD2, IPR036674:p53_tetramer_sf, IPR010991:p53_tetrameristn, IPR013872:p53_transactivation_domain, IPR002117:p53_tumour_suppressor",,,,5.0,"2V5W, 1TUP, 1SAK","0.8766666690508524, 0.8759999881188075, 0.8760000040133794, 0.8793333351612092",,in pocket,10048932,10.1038/5880,1999,ProTherm,
10884,,4648,,,393,A347G,,,Cellular tumor antigen p53,Homo sapiens,,,,2.7,,,,,,,,,6.1,Unknown,,,,,phosphate,25 mM,25.0,,,CD,GdnHCl,7.0,,P04637,"IPR008967:p53-like_TF_DNA-bd_sf, IPR012346:p53/RUNT-type_TF_DNA-bd_sf, IPR011615:p53_DNA-bd, IPR040926:p53_TAD2, IPR036674:p53_tetramer_sf, IPR010991:p53_tetrameristn, IPR013872:p53_transactivation_domain, IPR002117:p53_tumour_suppressor",,,,6.0,"2V5W, 1TUP, 1SAK","0.43699999153614044, 0.43099999278783796, 0.43499999195337297, 0.4389999911189079",,in pocket,10048932,10.1038/5880,1999,ProTherm,
10885,,4649,,,393,E349A,,,Cellular tumor antigen p53,Homo sapiens,,,,3.8,,,,,,,,,5.9,Unknown,,,,,phosphate,25 mM,25.0,,,CD,GdnHCl,7.0,,P04637,"IPR008967:p53-like_TF_DNA-bd_sf, IPR012346:p53/RUNT-type_TF_DNA-bd_sf, IPR011615:p53_DNA-bd, IPR040926:p53_TAD2, IPR036674:p53_tetramer_sf, IPR010991:p53_tetrameristn, IPR013872:p53_transactivation_domain, IPR002117:p53_tumour_suppressor",,,,8.0,"2V5W, 1TUP, 1SAK","0.607333333293597, 0.604666668176651, 0.604666668176651, 0.6086666653553645",,in pocket,10048932,10.1038/5880,1999,ProTherm,
10886,,4650,,,393,L350A,,,Cellular tumor antigen p53,Homo sapiens,,,,2.1,,,,,,,,,4.9,Unknown,,,,,phosphate,25 mM,25.0,,,CD,GdnHCl,7.0,,P04637,"IPR008967:p53-like_TF_DNA-bd_sf, IPR012346:p53/RUNT-type_TF_DNA-bd_sf, IPR011615:p53_DNA-bd, IPR040926:p53_TAD2, IPR036674:p53_tetramer_sf, IPR010991:p53_tetrameristn, IPR013872:p53_transactivation_domain, IPR002117:p53_tumour_suppressor",,,,6.0,"2V5W, 1TUP, 1SAK","0.8673684157823262, 0.8626315734888378, 0.8652631507108086, 0.8689473624292173",,,10048932,10.1038/5880,1999,ProTherm,
10887,,4651,,,393,K351A,,,Cellular tumor antigen p53,Homo sapiens,,,,-2.5,,,,,,,,,5.2,Unknown,,,,,phosphate,25 mM,25.0,,,CD,GdnHCl,7.0,,P04637,"IPR008967:p53-like_TF_DNA-bd_sf, IPR012346:p53/RUNT-type_TF_DNA-bd_sf, IPR011615:p53_DNA-bd, IPR040926:p53_TAD2, IPR036674:p53_tetramer_sf, IPR010991:p53_tetrameristn, IPR013872:p53_transactivation_domain, IPR002117:p53_tumour_suppressor",,,,4.0,"2V5W, 1TUP, 1SAK","0.7636363546956669, 0.7668181725523688, 0.7690909017216075, 0.7640908997167241",,in pocket,10048932,10.1038/5880,1999,ProTherm,
10888,,4652,,,393,D352A,,,Cellular tumor antigen p53,Homo sapiens,,,,2.2,,,,,,,,,5.2,Unknown,,,,,phosphate,25 mM,25.0,,,CD,GdnHCl,7.0,,P04637,"IPR008967:p53-like_TF_DNA-bd_sf, IPR012346:p53/RUNT-type_TF_DNA-bd_sf, IPR011615:p53_DNA-bd, IPR040926:p53_TAD2, IPR036674:p53_tetramer_sf, IPR010991:p53_tetrameristn, IPR013872:p53_transactivation_domain, IPR002117:p53_tumour_suppressor",,,,7.0,"2V5W, 1TUP, 1SAK","0.541666661699613, 0.5416666567325592, 0.5449999943375587, 0.5433333267768224",,in pocket,10048932,10.1038/5880,1999,ProTherm,
