Gene(s),Protein change,Molecular consequence,Germline classification,label,position
TP53,Y107H,missense variant,Benign,benign,107
TP53,Y68H,missense variant,Benign,benign,68
TP53,G202W,missense variant,Likely pathogenic,pathogenic,202
TP53,G295W,missense variant,Likely pathogenic,pathogenic,295
TP53,G334W,missense variant,Likely pathogenic,pathogenic,334
TP53,G175W,missense variant,Likely pathogenic,pathogenic,175
TP53,R203C,missense variant,Likely benign,benign,203
TP53,R296C,missense variant,Likely benign,benign,296
TP53,R335C,missense variant,Likely benign,benign,335
TP53,R176C,missense variant,Likely benign,benign,176
TP53,R203L,missense variant,Likely benign,benign,203
TP53,R296L,missense variant,Likely benign,benign,296
TP53,R335L,missense variant,Likely benign,benign,335
TP53,R176L,missense variant,Likely benign,benign,176
TP53,E204Q,missense variant,Likely benign,benign,204
TP53,E297Q,missense variant,Likely benign,benign,297
TP53,E177Q,missense variant,Likely benign,benign,177
TP53,E336Q,missense variant,Likely benign,benign,336
TP53,R178S,missense variant,Likely pathogenic,pathogenic,178
TP53,R205S,missense variant,Likely pathogenic,pathogenic,205
TP53,R298S,missense variant,Likely pathogenic,pathogenic,298
TP53,R337S,missense variant,Likely pathogenic,pathogenic,337
TP53,R205G,missense variant,Likely pathogenic,pathogenic,205
TP53,R298G,missense variant,Likely pathogenic,pathogenic,298
TP53,R337G,missense variant,Likely pathogenic,pathogenic,337
TP53,R178G,missense variant,Likely pathogenic,pathogenic,178
TP53,R205C,missense variant,Pathogenic,pathogenic,205
TP53,R298C,missense variant,Pathogenic,pathogenic,298
TP53,R337C,missense variant,Pathogenic,pathogenic,337
TP53,R178C,missense variant,Pathogenic,pathogenic,178
TP53,R337H,missense variant,"Pathogenic/Likely pathogenic/Pathogenic, low penetrance",pathogenic,337
TP53,R205H,missense variant,"Pathogenic/Likely pathogenic/Pathogenic, low penetrance",pathogenic,205
TP53,R298H,missense variant,"Pathogenic/Likely pathogenic/Pathogenic, low penetrance",pathogenic,298
TP53,R178H,missense variant,"Pathogenic/Likely pathogenic/Pathogenic, low penetrance",pathogenic,178
TP53,R205P,missense variant,Likely pathogenic,pathogenic,205
TP53,R298P,missense variant,Likely pathogenic,pathogenic,298
TP53,R337P,missense variant,Likely pathogenic,pathogenic,337
TP53,R178P,missense variant,Likely pathogenic,pathogenic,178
TP53,R205L,missense variant,Likely pathogenic,pathogenic,205
TP53,R298L,missense variant,Likely pathogenic,pathogenic,298
TP53,R337L,missense variant,Likely pathogenic,pathogenic,337
TP53,R178L,missense variant,Likely pathogenic,pathogenic,178
TP53,E207Q,missense variant,Likely benign,benign,207
TP53,E300Q,missense variant,Likely benign,benign,300
TP53,E339Q,missense variant,Likely benign,benign,339
TP53,E180Q,missense variant,Likely benign,benign,180
TP53,M181I,missense variant,Likely benign,benign,181
TP53,M208I,missense variant,Likely benign,benign,208
TP53,M301I,missense variant,Likely benign,benign,301
TP53,M340I,missense variant,Likely benign,benign,340
TP53,M301I,missense variant,Likely benign,benign,301
TP53,M208I,missense variant,Likely benign,benign,208
TP53,M340I,missense variant,Likely benign,benign,340
TP53,M181I,missense variant,Likely benign,benign,181
TP53,F209S,missense variant,Likely pathogenic,pathogenic,209
TP53,F182S,missense variant,Likely pathogenic,pathogenic,182
TP53,F302S,missense variant,Likely pathogenic,pathogenic,302
TP53,F341S,missense variant,Likely pathogenic,pathogenic,341
TP53,F209L,missense variant,Likely benign,benign,209
TP53,F302L,missense variant,Likely benign,benign,302
TP53,F182L,missense variant,Likely benign,benign,182
TP53,F341L,missense variant,Likely benign,benign,341
TP53,R210Q,missense variant,Likely benign,benign,210
TP53,R303Q,missense variant,Likely benign,benign,303
TP53,R342Q,missense variant,Likely benign,benign,342
TP53,R183Q,missense variant,Likely benign,benign,183
TP53,R210P,missense variant,Pathogenic,pathogenic,210
TP53,R303P,missense variant,Pathogenic,pathogenic,303
TP53,R342P,missense variant,Pathogenic,pathogenic,342
TP53,R183P,missense variant,Pathogenic,pathogenic,183
TP53,E343D,missense variant,Benign,benign,343
TP53,E184D,missense variant,Benign,benign,184
TP53,E304D,missense variant,Benign,benign,304
TP53,E211D,missense variant,Benign,benign,211
TP53,L344P,missense variant,Likely pathogenic,pathogenic,344
TP53,L212P,missense variant,Likely pathogenic,pathogenic,212
TP53,L305P,missense variant,Likely pathogenic,pathogenic,305
TP53,L185P,missense variant,Likely pathogenic,pathogenic,185
TP53,L305R,missense variant,Likely pathogenic,pathogenic,305
TP53,L185R,missense variant,Likely pathogenic,pathogenic,185
TP53,L212R,missense variant,Likely pathogenic,pathogenic,212
TP53,L344R,missense variant,Likely pathogenic,pathogenic,344
TP53,A215D,missense variant,Pathogenic,pathogenic,215
TP53,A308D,missense variant,Pathogenic,pathogenic,308
TP53,A347D,missense variant,Pathogenic,pathogenic,347
TP53,A188D,missense variant,Pathogenic,pathogenic,188
TP53,A188G,missense variant,Likely benign,benign,188
TP53,A215G,missense variant,Likely benign,benign,215
TP53,A308G,missense variant,Likely benign,benign,308
TP53,A347G,missense variant,Likely benign,benign,347
TP53,E190G,missense variant,Likely benign,benign,190
TP53,E217G,missense variant,Likely benign,benign,217
TP53,E310G,missense variant,Likely benign,benign,310
TP53,E349G,missense variant,Likely benign,benign,349
TP53,L35F,missense variant,Likely benign,benign,35
TP53,Q222K,missense variant,Benign,benign,222
TP53,Q315K,missense variant,Benign,benign,315
TP53,Q354K,missense variant,Benign,benign,354
TP53,Q195K,missense variant,Benign,benign,195
TP53,Q195L,missense variant,Benign,benign,195
TP53,Q222L,missense variant,Benign,benign,222
TP53,Q315L,missense variant,Benign,benign,315
TP53,Q354L,missense variant,Benign,benign,354
TP53,A316T,missense variant,Likely benign,benign,316
TP53,A355T,missense variant,Likely benign,benign,355
TP53,A196T,missense variant,Likely benign,benign,196
TP53,A223T,missense variant,Likely benign,benign,223
TP53,G224R,missense variant,Likely benign,benign,224
TP53,G317R,missense variant,Likely benign,benign,317
TP53,G356R,missense variant,Likely benign,benign,356
TP53,G197R,missense variant,Likely benign,benign,197
TP53,G317E,missense variant,Likely benign,benign,317
TP53,G197E,missense variant,Likely benign,benign,197
TP53,G356E,missense variant,Likely benign,benign,356
TP53,G224E,missense variant,Likely benign,benign,224
TP53,G228A,missense variant,Benign,benign,228
TP53,G321A,missense variant,Benign,benign,321
TP53,G360A,missense variant,Benign,benign,360
TP53,G201A,missense variant,Benign,benign,201
TP53,P36Q,missense variant,Benign,benign,36
TP53,H233Y,missense variant,Likely benign,benign,233
TP53,H326Y,missense variant,Likely benign,benign,326
TP53,H365Y,missense variant,Likely benign,benign,365
TP53,H206Y,missense variant,Likely benign,benign,206
TP53,S234A,missense variant,Benign,benign,234
TP53,S327A,missense variant,Benign,benign,327
TP53,S366A,missense variant,Benign,benign,366
TP53,S207A,missense variant,Benign,benign,207
TP53,G242R,missense variant,Benign,benign,242
TP53,G335R,missense variant,Benign,benign,335
TP53,G374R,missense variant,Benign,benign,374
TP53,G215R,missense variant,Benign,benign,215
TP53,Q216K,missense variant,Likely benign,benign,216
TP53,Q375K,missense variant,Likely benign,benign,375
TP53,Q336K,missense variant,Likely benign,benign,336
TP53,Q243K,missense variant,Likely benign,benign,243
TP53,S219T,missense variant,Likely benign,benign,219
TP53,S378T,missense variant,Likely benign,benign,378
TP53,S246T,missense variant,Likely benign,benign,246
TP53,S339T,missense variant,Likely benign,benign,339
TP53,R247S,missense variant,Likely benign,benign,247
TP53,R340S,missense variant,Likely benign,benign,340
TP53,R379S,missense variant,Likely benign,benign,379
TP53,R220S,missense variant,Likely benign,benign,220
TP53,R247H,missense variant,Likely benign,benign,247
TP53,R340H,missense variant,Likely benign,benign,340
TP53,R379H,missense variant,Likely benign,benign,379
TP53,R220H,missense variant,Likely benign,benign,220
TP53,R247L,missense variant,Likely benign,benign,247
TP53,R340L,missense variant,Likely benign,benign,340
TP53,R379L,missense variant,Likely benign,benign,379
TP53,R220L,missense variant,Likely benign,benign,220
TP53,M252V,missense variant,Likely benign,benign,252
TP53,M345V,missense variant,Likely benign,benign,345
TP53,M384V,missense variant,Likely benign,benign,384
TP53,M225V,missense variant,Likely benign,benign,225
TP53,M252T,missense variant,Benign,benign,252
TP53,M345T,missense variant,Benign,benign,345
TP53,M384T,missense variant,Benign,benign,384
TP53,M225T,missense variant,Benign,benign,225
TP53,F385L,missense variant,Likely benign,benign,385
TP53,F253L,missense variant,Likely benign,benign,253
TP53,F346L,missense variant,Likely benign,benign,346
TP53,F226L,missense variant,Likely benign,benign,226
TP53,F346L,missense variant,Likely benign,benign,346
TP53,F226L,missense variant,Likely benign,benign,226
TP53,F253L,missense variant,Likely benign,benign,253
TP53,F385L,missense variant,Likely benign,benign,385
TP53,T255P,missense variant,Likely benign,benign,255
TP53,T387P,missense variant,Likely benign,benign,387
TP53,T228P,missense variant,Likely benign,benign,228
TP53,T348P,missense variant,Likely benign,benign,348
TP53,E229Q,missense variant,Likely benign,benign,229
TP53,E349Q,missense variant,Likely benign,benign,349
TP53,E388Q,missense variant,Likely benign,benign,388
TP53,E256Q,missense variant,Likely benign,benign,256
TP53,E256A,missense variant,Likely benign,benign,256
TP53,E349A,missense variant,Likely benign,benign,349
TP53,E388A,missense variant,Likely benign,benign,388
TP53,E229A,missense variant,Likely benign,benign,229
TP53,E256D,missense variant,Likely benign,benign,256
TP53,E229D,missense variant,Likely benign,benign,229
TP53,E388D,missense variant,Likely benign,benign,388
TP53,E349D,missense variant,Likely benign,benign,349
TP53,E229D,missense variant,Likely benign,benign,229
TP53,E256D,missense variant,Likely benign,benign,256
TP53,E349D,missense variant,Likely benign,benign,349
TP53,E388D,missense variant,Likely benign,benign,388
TP53,D234Y,missense variant,Likely benign,benign,234
TP53,D261Y,missense variant,Likely benign,benign,261
TP53,D393Y,missense variant,Likely benign,benign,393
TP53,D354Y,missense variant,Likely benign,benign,354
TP53,P4Q,missense variant,Likely benign,benign,4
TP53,P4L,missense variant,Likely benign,benign,4
TP53,P47S,missense variant,Benign,benign,47
TP53,P8S,missense variant,Benign,benign,8
TP53,D48G,missense variant,Likely benign,benign,48
TP53,D9G,missense variant,Likely benign,benign,9
TP53,D48E,missense variant,Likely benign,benign,48
TP53,D9E,missense variant,Likely benign,benign,9
TP53,D10N,missense variant,Benign,benign,10
TP53,D49N,missense variant,Benign,benign,49
TP53,D10H,missense variant,Benign,benign,10
TP53,D49H,missense variant,Benign,benign,49
TP53,I11T,missense variant,Likely benign,benign,11
TP53,I50T,missense variant,Likely benign,benign,50
TP53,D18V,missense variant,Likely benign,benign,18
TP53,D57V,missense variant,Likely benign,benign,57
TP53,P19A,missense variant,Likely benign,benign,19
TP53,P58A,missense variant,Likely benign,benign,58
TP53,G20D,missense variant,Likely benign,benign,20
TP53,G59D,missense variant,Likely benign,benign,59
TP53,E23G,missense variant,Likely benign,benign,23
TP53,E62G,missense variant,Likely benign,benign,62
TP53,A24T,missense variant,Likely benign,benign,24
TP53,A63T,missense variant,Likely benign,benign,63
TP53,A24G,missense variant,Likely benign,benign,24
TP53,A63G,missense variant,Likely benign,benign,63
TP53,A24V,missense variant,Benign,benign,24
TP53,A63V,missense variant,Benign,benign,63
TP53,M66V,missense variant,Likely benign,benign,66
TP53,M27V,missense variant,Likely benign,benign,27
TP53,P33R,missense variant,Benign,benign,33
TP53,P72R,missense variant,Benign,benign,72
TP53,P33A,missense variant,Likely benign,benign,33
TP53,P72A,missense variant,Likely benign,benign,72
TP53,P33R,missense variant,Benign,benign,33
TP53,P72R,missense variant,Benign,benign,72
TP53,P33R,missense variant,Benign/Likely benign,benign,33
TP53,P72R,missense variant,Benign/Likely benign,benign,72
TP53,P33R,missense variant,Likely benign,benign,33
TP53,P72R,missense variant,Likely benign,benign,72
TP53,P33R,missense variant,Benign,benign,33
TP53,P72R,missense variant,Benign,benign,72
TP53,P33H,missense variant,Benign,benign,33
TP53,P72H,missense variant,Benign,benign,72
TP53,P72R,missense variant,Benign,benign,72
TP53,P33R,missense variant,Benign,benign,33
TP53,V34M,missense variant,Benign,benign,34
TP53,V73M,missense variant,Benign,benign,73
TP53,V34E,missense variant,Likely benign,benign,34
TP53,V73E,missense variant,Likely benign,benign,73
TP53,D7E,missense variant,Likely benign,benign,7
TP53,D7E,missense variant,Likely benign,benign,7
TP53,A35V,missense variant,Likely benign,benign,35
TP53,A74V,missense variant,Likely benign,benign,74
TP53,P36S,missense variant,Likely benign,benign,36
TP53,P75S,missense variant,Likely benign,benign,75
TP53,A37G,missense variant,Benign,benign,37
TP53,A76G,missense variant,Benign,benign,76
TP53,A79V,missense variant,Likely benign,benign,79
TP53,A40V,missense variant,Likely benign,benign,40
TP53,P8R,missense variant,Likely benign,benign,8
TP53,P8L,missense variant,Likely benign,benign,8
TP53,P43L,missense variant,Likely benign,benign,43
TP53,P82L,missense variant,Likely benign,benign,82
TP53,A83P,missense variant,Likely benign,benign,83
TP53,A44P,missense variant,Likely benign,benign,44
TP53,A45T,missense variant,Likely benign,benign,45
TP53,A84T,missense variant,Likely benign,benign,84
TP53,S94A,missense variant,Likely benign,benign,94
TP53,S55A,missense variant,Likely benign,benign,55
TP53,S55L,missense variant,Likely benign,benign,55
TP53,S94L,missense variant,Likely benign,benign,94
TP53,S95T,missense variant,Likely benign,benign,95
TP53,S56T,missense variant,Likely benign,benign,56
TP53,V10I,missense variant,Benign,benign,10
TP53,V10L,missense variant,Likely benign,benign,10
TP53,G105S,missense variant,Pathogenic/Likely pathogenic,pathogenic,105
TP53,G66S,missense variant,Pathogenic/Likely pathogenic,pathogenic,66
TP53,G66R,missense variant,Pathogenic/Likely pathogenic,pathogenic,66
TP53,G105R,missense variant,Pathogenic/Likely pathogenic,pathogenic,105
TP53,S106R,missense variant,Pathogenic,pathogenic,106
TP53,S67R,missense variant,Pathogenic,pathogenic,67
TP53,G108S,missense variant,Likely benign,benign,108
TP53,G69S,missense variant,Likely benign,benign,69
TP53,F109I,missense variant,Likely pathogenic,pathogenic,109
TP53,F70I,missense variant,Likely pathogenic,pathogenic,70
TP53,F109C,missense variant,Likely pathogenic,pathogenic,109
TP53,F70C,missense variant,Likely pathogenic,pathogenic,70
TP53,R71G,missense variant,Likely pathogenic,pathogenic,71
TP53,R110G,missense variant,Likely pathogenic,pathogenic,110
TP53,R110P,missense variant,Pathogenic,pathogenic,110
TP53,R71P,missense variant,Pathogenic,pathogenic,71
TP53,R110H,missense variant,Likely benign,benign,110
TP53,R71H,missense variant,Likely benign,benign,71
TP53,R110P,missense variant,Pathogenic,pathogenic,110
TP53,R71P,missense variant,Pathogenic,pathogenic,71
TP53,R110L,missense variant,Pathogenic,pathogenic,110
TP53,R71L,missense variant,Pathogenic,pathogenic,71
TP53,L111V,missense variant,Likely benign,benign,111
TP53,L72V,missense variant,Likely benign,benign,72
TP53,L111Q,missense variant,Pathogenic,pathogenic,111
TP53,L72Q,missense variant,Pathogenic,pathogenic,72
TP53,L111P,missense variant,Pathogenic,pathogenic,111
TP53,L72P,missense variant,Pathogenic,pathogenic,72
TP53,L111R,missense variant,Pathogenic,pathogenic,111
TP53,L72R,missense variant,Pathogenic,pathogenic,72
TP53,F74I,missense variant,Pathogenic/Likely pathogenic,pathogenic,74
TP53,F113I,missense variant,Pathogenic/Likely pathogenic,pathogenic,113
TP53,F113L,missense variant,Pathogenic,pathogenic,113
TP53,F74L,missense variant,Pathogenic,pathogenic,74
TP53,F113C,missense variant,Pathogenic,pathogenic,113
TP53,F74C,missense variant,Pathogenic,pathogenic,74
TP53,F113L,missense variant,Likely pathogenic,pathogenic,113
TP53,F74L,missense variant,Likely pathogenic,pathogenic,74
TP53,F113L,missense variant,Pathogenic,pathogenic,113
TP53,F74L,missense variant,Pathogenic,pathogenic,74
TP53,H115R,missense variant,Likely benign,benign,115
TP53,H76R,missense variant,Likely benign,benign,76
TP53,T118I,missense variant,Likely benign,benign,118
TP53,T79I,missense variant,Likely benign,benign,79
TP53,V122M,missense variant,Likely benign,benign,122
TP53,V83M,missense variant,Likely benign,benign,83
TP53,C124S,missense variant,Likely benign,benign,124
TP53,C85S,missense variant,Likely benign,benign,85
TP53,C124R,missense variant,Likely pathogenic,pathogenic,124
TP53,C85R,missense variant,Likely pathogenic,pathogenic,85
TP53,C124W,missense variant,Likely benign,benign,124
TP53,C85W,missense variant,Likely benign,benign,85
TP53,T125K,missense variant,Pathogenic,pathogenic,125
TP53,T86K,missense variant,Pathogenic,pathogenic,86
TP53,T125R,missense variant,Pathogenic/Likely pathogenic,pathogenic,125
TP53,T86R,missense variant,Pathogenic/Likely pathogenic,pathogenic,86
TP53,S127T,missense variant,Likely pathogenic,pathogenic,127
TP53,S88T,missense variant,Likely pathogenic,pathogenic,88
TP53,S127P,missense variant,Pathogenic/Likely pathogenic,pathogenic,127
TP53,S88P,missense variant,Pathogenic/Likely pathogenic,pathogenic,88
TP53,S127Y,missense variant,Pathogenic,pathogenic,127
TP53,S88Y,missense variant,Pathogenic,pathogenic,88
TP53,S127C,missense variant,Pathogenic,pathogenic,127
TP53,S88C,missense variant,Pathogenic,pathogenic,88
TP53,S127F,missense variant,Pathogenic/Likely pathogenic,pathogenic,127
TP53,S88F,missense variant,Pathogenic/Likely pathogenic,pathogenic,88
TP53,A129D,missense variant,Benign,benign,129
TP53,A90D,missense variant,Benign,benign,90
TP53,L130H,missense variant,Pathogenic,pathogenic,130
TP53,L91H,missense variant,Pathogenic,pathogenic,91
TP53,L130P,missense variant,Pathogenic,pathogenic,130
TP53,L91P,missense variant,Pathogenic,pathogenic,91
TP53,N131H,missense variant,Likely pathogenic,pathogenic,131
TP53,N92H,missense variant,Likely pathogenic,pathogenic,92
TP53,N131I,missense variant,Pathogenic/Likely pathogenic,pathogenic,131
TP53,N92I,missense variant,Pathogenic/Likely pathogenic,pathogenic,92
TP53,K132R,missense variant,Pathogenic/Likely pathogenic,pathogenic,132
TP53,K93R,missense variant,Pathogenic/Likely pathogenic,pathogenic,93
TP53,K132N,missense variant,Likely pathogenic,pathogenic,132
TP53,K93N,missense variant,Likely pathogenic,pathogenic,93
TP53,K132N,missense variant,Pathogenic/Likely pathogenic,pathogenic,132
TP53,K93N,missense variant,Pathogenic/Likely pathogenic,pathogenic,93
TP53,M133T,missense variant,Pathogenic,pathogenic,133
TP53,M1T,missense variant,Pathogenic,pathogenic,1
TP53,M94T,missense variant,Pathogenic,pathogenic,94
TP53,F134C,missense variant,Likely pathogenic,pathogenic,134
TP53,F2C,missense variant,Likely pathogenic,pathogenic,2
TP53,F95C,missense variant,Likely pathogenic,pathogenic,95
TP53,C135R,missense variant,Pathogenic/Likely pathogenic,pathogenic,135
TP53,C3R,missense variant,Pathogenic/Likely pathogenic,pathogenic,3
TP53,C96R,missense variant,Pathogenic/Likely pathogenic,pathogenic,96
TP53,C135G,missense variant,Pathogenic,pathogenic,135
TP53,C3G,missense variant,Pathogenic,pathogenic,3
TP53,C96G,missense variant,Pathogenic,pathogenic,96
TP53,C135S,missense variant,Likely pathogenic,pathogenic,135
TP53,C3S,missense variant,Likely pathogenic,pathogenic,3
TP53,C96S,missense variant,Likely pathogenic,pathogenic,96
TP53,C135F,missense variant,Pathogenic/Likely pathogenic,pathogenic,135
TP53,C3F,missense variant,Pathogenic/Likely pathogenic,pathogenic,3
TP53,C96F,missense variant,Pathogenic/Likely pathogenic,pathogenic,96
TP53,A138P,missense variant,Likely pathogenic,pathogenic,138
TP53,A6P,missense variant,Likely pathogenic,pathogenic,6
TP53,A99P,missense variant,Likely pathogenic,pathogenic,99
TP53,A138V,missense variant,Likely pathogenic,pathogenic,138
TP53,A6V,missense variant,Likely pathogenic,pathogenic,6
TP53,A99V,missense variant,Likely pathogenic,pathogenic,99
TP53,C102Y,missense variant,Pathogenic/Likely pathogenic,pathogenic,102
TP53,C141Y,missense variant,Pathogenic/Likely pathogenic,pathogenic,141
TP53,C9Y,missense variant,Pathogenic/Likely pathogenic,pathogenic,9
TP53,C102W,missense variant,Pathogenic,pathogenic,102
TP53,C141W,missense variant,Pathogenic,pathogenic,141
TP53,C9W,missense variant,Pathogenic,pathogenic,9
TP53,V104M,missense variant,Pathogenic/Likely pathogenic,pathogenic,104
TP53,V11M,missense variant,Pathogenic/Likely pathogenic,pathogenic,11
TP53,V143M,missense variant,Pathogenic/Likely pathogenic,pathogenic,143
TP53,V104A,missense variant,Pathogenic,pathogenic,104
TP53,V11A,missense variant,Pathogenic,pathogenic,11
TP53,V143A,missense variant,Pathogenic,pathogenic,143
TP53,V108G,missense variant,Pathogenic/Likely pathogenic,pathogenic,108
TP53,V147G,missense variant,Pathogenic/Likely pathogenic,pathogenic,147
TP53,V15G,missense variant,Pathogenic/Likely pathogenic,pathogenic,15
TP53,P151S,missense variant,Pathogenic,pathogenic,151
TP53,P19S,missense variant,Pathogenic,pathogenic,19
TP53,P112S,missense variant,Pathogenic,pathogenic,112
TP53,P151F,missense variant,Likely pathogenic,pathogenic,151
TP53,P19F,missense variant,Likely pathogenic,pathogenic,19
TP53,P112F,missense variant,Likely pathogenic,pathogenic,112
TP53,P151T,missense variant,Pathogenic/Likely pathogenic,pathogenic,151
TP53,P112T,missense variant,Pathogenic/Likely pathogenic,pathogenic,112
TP53,P19T,missense variant,Pathogenic/Likely pathogenic,pathogenic,19
TP53,P112A,missense variant,Pathogenic,pathogenic,112
TP53,P151A,missense variant,Pathogenic,pathogenic,151
TP53,P19A,missense variant,Pathogenic,pathogenic,19
TP53,P151S,missense variant,Pathogenic/Likely pathogenic,pathogenic,151
TP53,P112S,missense variant,Pathogenic/Likely pathogenic,pathogenic,112
TP53,P19S,missense variant,Pathogenic/Likely pathogenic,pathogenic,19
TP53,P112R,missense variant,Pathogenic/Likely pathogenic,pathogenic,112
TP53,P151R,missense variant,Pathogenic/Likely pathogenic,pathogenic,151
TP53,P19R,missense variant,Pathogenic/Likely pathogenic,pathogenic,19
TP53,P152R,missense variant,Pathogenic/Likely pathogenic,pathogenic,152
TP53,P20R,missense variant,Pathogenic/Likely pathogenic,pathogenic,20
TP53,P113R,missense variant,Pathogenic/Likely pathogenic,pathogenic,113
TP53,P113L,missense variant,Pathogenic,pathogenic,113
TP53,P152L,missense variant,Pathogenic,pathogenic,152
TP53,P20L,missense variant,Pathogenic,pathogenic,20
TP53,T155N,missense variant,Pathogenic/Likely pathogenic,pathogenic,155
TP53,T116N,missense variant,Pathogenic/Likely pathogenic,pathogenic,116
TP53,T23N,missense variant,Pathogenic/Likely pathogenic,pathogenic,23
TP53,R117P,missense variant,Pathogenic/Likely pathogenic,pathogenic,117
TP53,R156P,missense variant,Pathogenic/Likely pathogenic,pathogenic,156
TP53,R24P,missense variant,Pathogenic/Likely pathogenic,pathogenic,24
TP53,V118I,missense variant,Likely benign,benign,118
TP53,V157I,missense variant,Likely benign,benign,157
TP53,V25I,missense variant,Likely benign,benign,25
TP53,V157F,missense variant,Pathogenic/Likely pathogenic,pathogenic,157
TP53,V118F,missense variant,Pathogenic/Likely pathogenic,pathogenic,118
TP53,V25F,missense variant,Pathogenic/Likely pathogenic,pathogenic,25
TP53,V25G,missense variant,Likely pathogenic,pathogenic,25
TP53,V157G,missense variant,Likely pathogenic,pathogenic,157
TP53,V118G,missense variant,Likely pathogenic,pathogenic,118
TP53,V118G,missense variant,Pathogenic/Likely pathogenic,pathogenic,118
TP53,V157G,missense variant,Pathogenic/Likely pathogenic,pathogenic,157
TP53,V25G,missense variant,Pathogenic/Likely pathogenic,pathogenic,25
TP53,R119S,missense variant,Pathogenic,pathogenic,119
TP53,R158S,missense variant,Pathogenic,pathogenic,158
TP53,R26S,missense variant,Pathogenic,pathogenic,26
TP53,R158G,missense variant,Pathogenic,pathogenic,158
TP53,R26G,missense variant,Pathogenic,pathogenic,26
TP53,R119G,missense variant,Pathogenic,pathogenic,119
TP53,R158L,missense variant,Pathogenic/Likely pathogenic,pathogenic,158
TP53,R119L,missense variant,Pathogenic/Likely pathogenic,pathogenic,119
TP53,R26L,missense variant,Pathogenic/Likely pathogenic,pathogenic,26
TP53,R119H,missense variant,Pathogenic/Likely pathogenic,pathogenic,119
TP53,R158H,missense variant,Pathogenic/Likely pathogenic,pathogenic,158
TP53,R26H,missense variant,Pathogenic/Likely pathogenic,pathogenic,26
TP53,R119P,missense variant,Pathogenic,pathogenic,119
TP53,R158P,missense variant,Pathogenic,pathogenic,158
TP53,R26P,missense variant,Pathogenic,pathogenic,26
TP53,R158L,missense variant,Pathogenic,pathogenic,158
TP53,R26L,missense variant,Pathogenic,pathogenic,26
TP53,R119L,missense variant,Pathogenic,pathogenic,119
TP53,A120D,missense variant,Pathogenic/Likely pathogenic,pathogenic,120
TP53,A159D,missense variant,Pathogenic/Likely pathogenic,pathogenic,159
TP53,A27D,missense variant,Pathogenic/Likely pathogenic,pathogenic,27
TP53,A120V,missense variant,Pathogenic/Likely pathogenic,pathogenic,120
TP53,A159V,missense variant,Pathogenic/Likely pathogenic,pathogenic,159
TP53,A27V,missense variant,Pathogenic/Likely pathogenic,pathogenic,27
TP53,M121I,missense variant,Likely benign,benign,121
TP53,M160I,missense variant,Likely benign,benign,160
TP53,M28I,missense variant,Likely benign,benign,28
TP53,M1I,missense variant,Likely benign,benign,1
TP53,A122T,missense variant,Pathogenic/Likely pathogenic,pathogenic,122
TP53,A161T,missense variant,Pathogenic/Likely pathogenic,pathogenic,161
TP53,A29T,missense variant,Pathogenic/Likely pathogenic,pathogenic,29
TP53,A2T,missense variant,Pathogenic/Likely pathogenic,pathogenic,2
TP53,Y124H,missense variant,Pathogenic,pathogenic,124
TP53,Y163H,missense variant,Pathogenic,pathogenic,163
TP53,Y31H,missense variant,Pathogenic,pathogenic,31
TP53,Y4H,missense variant,Pathogenic,pathogenic,4
TP53,Y124C,missense variant,Pathogenic,pathogenic,124
TP53,Y163C,missense variant,Pathogenic,pathogenic,163
TP53,Y31C,missense variant,Pathogenic,pathogenic,31
TP53,Y4C,missense variant,Pathogenic,pathogenic,4
TP53,K125E,missense variant,Pathogenic,pathogenic,125
TP53,K164E,missense variant,Pathogenic,pathogenic,164
TP53,K32E,missense variant,Pathogenic,pathogenic,32
TP53,K5E,missense variant,Pathogenic,pathogenic,5
TP53,Q126L,missense variant,Pathogenic,pathogenic,126
TP53,Q165L,missense variant,Pathogenic,pathogenic,165
TP53,Q33L,missense variant,Pathogenic,pathogenic,33
TP53,Q6L,missense variant,Pathogenic,pathogenic,6
TP53,S127T,missense variant,Likely benign,benign,127
TP53,S34T,missense variant,Likely benign,benign,34
TP53,S166T,missense variant,Likely benign,benign,166
TP53,S7T,missense variant,Likely benign,benign,7
TP53,H129P,missense variant,Likely pathogenic,pathogenic,129
TP53,H36P,missense variant,Likely pathogenic,pathogenic,36
TP53,H168P,missense variant,Likely pathogenic,pathogenic,168
TP53,H9P,missense variant,Likely pathogenic,pathogenic,9
TP53,H129L,missense variant,Pathogenic,pathogenic,129
TP53,H168L,missense variant,Pathogenic,pathogenic,168
TP53,H36L,missense variant,Pathogenic,pathogenic,36
TP53,H9L,missense variant,Pathogenic,pathogenic,9
TP53,T131M,missense variant,Likely benign,benign,131
TP53,T170M,missense variant,Likely benign,benign,170
TP53,T38M,missense variant,Likely benign,benign,38
TP53,T11M,missense variant,Likely benign,benign,11
TP53,E132K,missense variant,Likely benign,benign,132
TP53,E171K,missense variant,Likely benign,benign,171
TP53,E39K,missense variant,Likely benign,benign,39
TP53,E12K,missense variant,Likely benign,benign,12
TP53,E132G,missense variant,Pathogenic,pathogenic,132
TP53,E171G,missense variant,Pathogenic,pathogenic,171
TP53,E39G,missense variant,Pathogenic,pathogenic,39
TP53,E12G,missense variant,Pathogenic,pathogenic,12
TP53,V134M,missense variant,Pathogenic,pathogenic,134
TP53,V173M,missense variant,Pathogenic,pathogenic,173
TP53,V41M,missense variant,Pathogenic,pathogenic,41
TP53,V14M,missense variant,Pathogenic,pathogenic,14
TP53,V134L,missense variant,Pathogenic/Likely pathogenic,pathogenic,134
TP53,V173L,missense variant,Pathogenic/Likely pathogenic,pathogenic,173
TP53,V41L,missense variant,Pathogenic/Likely pathogenic,pathogenic,41
TP53,V14L,missense variant,Pathogenic/Likely pathogenic,pathogenic,14
TP53,V134A,missense variant,Pathogenic/Likely pathogenic,pathogenic,134
TP53,V173A,missense variant,Pathogenic/Likely pathogenic,pathogenic,173
TP53,V41A,missense variant,Pathogenic/Likely pathogenic,pathogenic,41
TP53,V14A,missense variant,Pathogenic/Likely pathogenic,pathogenic,14
TP53,R136G,missense variant,Pathogenic,pathogenic,136
TP53,R175G,missense variant,Pathogenic,pathogenic,175
TP53,R43G,missense variant,Pathogenic,pathogenic,43
TP53,R16G,missense variant,Pathogenic,pathogenic,16
TP53,R175H,missense variant,Pathogenic,pathogenic,175
TP53,R136H,missense variant,Pathogenic,pathogenic,136
TP53,R43H,missense variant,Pathogenic,pathogenic,43
TP53,R16H,missense variant,Pathogenic,pathogenic,16
TP53,R136L,missense variant,Likely pathogenic,pathogenic,136
TP53,R175L,missense variant,Likely pathogenic,pathogenic,175
TP53,R43L,missense variant,Likely pathogenic,pathogenic,43
TP53,R16L,missense variant,Likely pathogenic,pathogenic,16
TP53,C17R,missense variant,Likely pathogenic,pathogenic,17
TP53,C44R,missense variant,Likely pathogenic,pathogenic,44
TP53,C137R,missense variant,Likely pathogenic,pathogenic,137
TP53,C176R,missense variant,Likely pathogenic,pathogenic,176
TP53,C137Y,missense variant,Pathogenic,pathogenic,137
TP53,C176Y,missense variant,Pathogenic,pathogenic,176
TP53,C44Y,missense variant,Pathogenic,pathogenic,44
TP53,C17Y,missense variant,Pathogenic,pathogenic,17
TP53,C137F,missense variant,Pathogenic/Likely pathogenic,pathogenic,137
TP53,C176F,missense variant,Pathogenic/Likely pathogenic,pathogenic,176
TP53,C44F,missense variant,Pathogenic/Likely pathogenic,pathogenic,44
TP53,C17F,missense variant,Pathogenic/Likely pathogenic,pathogenic,17
TP53,P177R,missense variant,Pathogenic/Likely pathogenic,pathogenic,177
TP53,P45R,missense variant,Pathogenic/Likely pathogenic,pathogenic,45
TP53,P138R,missense variant,Pathogenic/Likely pathogenic,pathogenic,138
TP53,P18R,missense variant,Pathogenic/Likely pathogenic,pathogenic,18
TP53,H178D,missense variant,Pathogenic,pathogenic,178
TP53,H46D,missense variant,Pathogenic,pathogenic,46
TP53,H139D,missense variant,Pathogenic,pathogenic,139
TP53,H19D,missense variant,Pathogenic,pathogenic,19
TP53,H46Q,missense variant,Pathogenic/Likely pathogenic,pathogenic,46
TP53,H139Q,missense variant,Pathogenic/Likely pathogenic,pathogenic,139
TP53,H178Q,missense variant,Pathogenic/Likely pathogenic,pathogenic,178
TP53,H19Q,missense variant,Pathogenic/Likely pathogenic,pathogenic,19
TP53,H178Q,missense variant,Pathogenic/Likely pathogenic,pathogenic,178
TP53,H46Q,missense variant,Pathogenic/Likely pathogenic,pathogenic,46
TP53,H19Q,missense variant,Pathogenic/Likely pathogenic,pathogenic,19
TP53,H139Q,missense variant,Pathogenic/Likely pathogenic,pathogenic,139
TP53,H140D,missense variant,Pathogenic/Likely pathogenic,pathogenic,140
TP53,H179D,missense variant,Pathogenic/Likely pathogenic,pathogenic,179
TP53,H47D,missense variant,Pathogenic/Likely pathogenic,pathogenic,47
TP53,H20D,missense variant,Pathogenic/Likely pathogenic,pathogenic,20
TP53,H140Y,missense variant,Pathogenic/Likely pathogenic,pathogenic,140
TP53,H179Y,missense variant,Pathogenic/Likely pathogenic,pathogenic,179
TP53,H47Y,missense variant,Pathogenic/Likely pathogenic,pathogenic,47
TP53,H20Y,missense variant,Pathogenic/Likely pathogenic,pathogenic,20
TP53,H140R,missense variant,Pathogenic/Likely pathogenic,pathogenic,140
TP53,H179R,missense variant,Pathogenic/Likely pathogenic,pathogenic,179
TP53,H47R,missense variant,Pathogenic/Likely pathogenic,pathogenic,47
TP53,H20R,missense variant,Pathogenic/Likely pathogenic,pathogenic,20
TP53,H140Q,missense variant,Pathogenic,pathogenic,140
TP53,H47Q,missense variant,Pathogenic,pathogenic,47
TP53,H179Q,missense variant,Pathogenic,pathogenic,179
TP53,H20Q,missense variant,Pathogenic,pathogenic,20
TP53,H140Q,missense variant,Pathogenic/Likely pathogenic,pathogenic,140
TP53,H179Q,missense variant,Pathogenic/Likely pathogenic,pathogenic,179
TP53,H47Q,missense variant,Pathogenic/Likely pathogenic,pathogenic,47
TP53,H20Q,missense variant,Pathogenic/Likely pathogenic,pathogenic,20
TP53,E141K,missense variant,Likely pathogenic,pathogenic,141
TP53,E180K,missense variant,Likely pathogenic,pathogenic,180
TP53,E48K,missense variant,Likely pathogenic,pathogenic,48
TP53,E21K,missense variant,Likely pathogenic,pathogenic,21
TP53,R142C,missense variant,Likely pathogenic,pathogenic,142
TP53,R181C,missense variant,Likely pathogenic,pathogenic,181
TP53,R49C,missense variant,Likely pathogenic,pathogenic,49
TP53,R22C,missense variant,Likely pathogenic,pathogenic,22
TP53,R142H,missense variant,Pathogenic/Likely pathogenic,pathogenic,142
TP53,R181H,missense variant,Pathogenic/Likely pathogenic,pathogenic,181
TP53,R49H,missense variant,Pathogenic/Likely pathogenic,pathogenic,49
TP53,R22H,missense variant,Pathogenic/Likely pathogenic,pathogenic,22
TP53,R181P,missense variant,Pathogenic/Likely pathogenic,pathogenic,181
TP53,R22P,missense variant,Pathogenic/Likely pathogenic,pathogenic,22
TP53,R142P,missense variant,Pathogenic/Likely pathogenic,pathogenic,142
TP53,R49P,missense variant,Pathogenic/Likely pathogenic,pathogenic,49
TP53,S144P,missense variant,Likely benign,benign,144
TP53,S24P,missense variant,Likely benign,benign,24
TP53,S51P,missense variant,Likely benign,benign,51
TP53,S183P,missense variant,Likely benign,benign,183
TP53,S146N,missense variant,Likely benign,benign,146
TP53,S185N,missense variant,Likely benign,benign,185
TP53,S53N,missense variant,Likely benign,benign,53
TP53,S26N,missense variant,Likely benign,benign,26
TP53,S53R,missense variant,Likely benign,benign,53
TP53,S146R,missense variant,Likely benign,benign,146
TP53,S26R,missense variant,Likely benign,benign,26
TP53,S185R,missense variant,Likely benign,benign,185
TP53,D54N,missense variant,Likely benign,benign,54
TP53,D147N,missense variant,Likely benign,benign,147
TP53,D186N,missense variant,Likely benign,benign,186
TP53,D27N,missense variant,Likely benign,benign,27
TP53,D147E,missense variant,Likely benign,benign,147
TP53,D186E,missense variant,Likely benign,benign,186
TP53,D54E,missense variant,Likely benign,benign,54
TP53,D27E,missense variant,Likely benign,benign,27
TP53,P151L,missense variant,Likely pathogenic,pathogenic,151
TP53,P190L,missense variant,Likely pathogenic,pathogenic,190
TP53,P58L,missense variant,Likely pathogenic,pathogenic,58
TP53,P31L,missense variant,Likely pathogenic,pathogenic,31
TP53,P152R,missense variant,Likely benign,benign,152
TP53,P191R,missense variant,Likely benign,benign,191
TP53,P59R,missense variant,Likely benign,benign,59
TP53,P32R,missense variant,Likely benign,benign,32
TP53,Q153H,missense variant,Likely benign,benign,153
TP53,Q192H,missense variant,Likely benign,benign,192
TP53,Q33H,missense variant,Likely benign,benign,33
TP53,Q60H,missense variant,Likely benign,benign,60
TP53,H154N,missense variant,Pathogenic/Likely pathogenic,pathogenic,154
TP53,H193N,missense variant,Pathogenic/Likely pathogenic,pathogenic,193
TP53,H61N,missense variant,Pathogenic/Likely pathogenic,pathogenic,61
TP53,H34N,missense variant,Pathogenic/Likely pathogenic,pathogenic,34
TP53,H154Y,missense variant,Pathogenic/Likely pathogenic,pathogenic,154
TP53,H193Y,missense variant,Pathogenic/Likely pathogenic,pathogenic,193
TP53,H61Y,missense variant,Pathogenic/Likely pathogenic,pathogenic,61
TP53,H34Y,missense variant,Pathogenic/Likely pathogenic,pathogenic,34
TP53,H154P,missense variant,Pathogenic,pathogenic,154
TP53,H193P,missense variant,Pathogenic,pathogenic,193
TP53,H61P,missense variant,Pathogenic,pathogenic,61
TP53,H34P,missense variant,Pathogenic,pathogenic,34
TP53,H154R,missense variant,Pathogenic/Likely pathogenic,pathogenic,154
TP53,H193R,missense variant,Pathogenic/Likely pathogenic,pathogenic,193
TP53,H61R,missense variant,Pathogenic/Likely pathogenic,pathogenic,61
TP53,H34R,missense variant,Pathogenic/Likely pathogenic,pathogenic,34
TP53,L155F,missense variant,Pathogenic/Likely pathogenic,pathogenic,155
TP53,L194F,missense variant,Pathogenic/Likely pathogenic,pathogenic,194
TP53,L62F,missense variant,Pathogenic/Likely pathogenic,pathogenic,62
TP53,L35F,missense variant,Pathogenic/Likely pathogenic,pathogenic,35
TP53,L155R,missense variant,Pathogenic,pathogenic,155
TP53,L194R,missense variant,Pathogenic,pathogenic,194
TP53,L62R,missense variant,Pathogenic,pathogenic,62
TP53,L35R,missense variant,Pathogenic,pathogenic,35
TP53,I156T,missense variant,Pathogenic,pathogenic,156
TP53,I195T,missense variant,Pathogenic,pathogenic,195
TP53,I63T,missense variant,Pathogenic,pathogenic,63
TP53,I36T,missense variant,Pathogenic,pathogenic,36
TP53,R157P,missense variant,Pathogenic/Likely pathogenic,pathogenic,157
TP53,R196P,missense variant,Pathogenic/Likely pathogenic,pathogenic,196
TP53,R64P,missense variant,Pathogenic/Likely pathogenic,pathogenic,64
TP53,R37P,missense variant,Pathogenic/Likely pathogenic,pathogenic,37
TP53,V158M,missense variant,Likely pathogenic,pathogenic,158
TP53,V197M,missense variant,Likely pathogenic,pathogenic,197
TP53,V65M,missense variant,Likely pathogenic,pathogenic,65
TP53,V38M,missense variant,Likely pathogenic,pathogenic,38
TP53,G160V,missense variant,Likely pathogenic,pathogenic,160
TP53,G199V,missense variant,Likely pathogenic,pathogenic,199
TP53,G67V,missense variant,Likely pathogenic,pathogenic,67
TP53,G40V,missense variant,Likely pathogenic,pathogenic,40
TP53,E72D,missense variant,Likely benign,benign,72
TP53,E204D,missense variant,Likely benign,benign,204
TP53,E165D,missense variant,Likely benign,benign,165
TP53,E45D,missense variant,Likely benign,benign,45
TP53,Y166H,missense variant,Pathogenic/Likely pathogenic,pathogenic,166
TP53,Y205H,missense variant,Pathogenic/Likely pathogenic,pathogenic,205
TP53,Y73H,missense variant,Pathogenic/Likely pathogenic,pathogenic,73
TP53,Y46H,missense variant,Pathogenic/Likely pathogenic,pathogenic,46
TP53,Y166D,missense variant,Pathogenic/Likely pathogenic,pathogenic,166
TP53,Y205D,missense variant,Pathogenic/Likely pathogenic,pathogenic,205
TP53,Y73D,missense variant,Pathogenic/Likely pathogenic,pathogenic,73
TP53,Y46D,missense variant,Pathogenic/Likely pathogenic,pathogenic,46
TP53,Y166C,missense variant,Pathogenic,pathogenic,166
TP53,Y205C,missense variant,Pathogenic,pathogenic,205
TP53,Y73C,missense variant,Pathogenic,pathogenic,73
TP53,Y46C,missense variant,Pathogenic,pathogenic,46
TP53,D207E,missense variant,Likely benign,benign,207
TP53,D48E,missense variant,Likely benign,benign,48
TP53,D75E,missense variant,Likely benign,benign,75
TP53,D168E,missense variant,Likely benign,benign,168
TP53,N171S,missense variant,Likely benign,benign,171
TP53,N210S,missense variant,Likely benign,benign,210
TP53,N51S,missense variant,Likely benign,benign,51
TP53,N78S,missense variant,Likely benign,benign,78
TP53,D21A,missense variant,Likely benign,benign,21
TP53,F53S,missense variant,Likely benign,benign,53
TP53,F212S,missense variant,Likely benign,benign,212
TP53,F173S,missense variant,Likely benign,benign,173
TP53,F80S,missense variant,Likely benign,benign,80
TP53,R174W,missense variant,Pathogenic/Likely pathogenic,pathogenic,174
TP53,R54W,missense variant,Pathogenic/Likely pathogenic,pathogenic,54
TP53,R81W,missense variant,Pathogenic/Likely pathogenic,pathogenic,81
TP53,R213W,missense variant,Pathogenic/Likely pathogenic,pathogenic,213
TP53,R174Q,missense variant,Pathogenic/Likely pathogenic,pathogenic,174
TP53,R213Q,missense variant,Pathogenic/Likely pathogenic,pathogenic,213
TP53,R81Q,missense variant,Pathogenic/Likely pathogenic,pathogenic,81
TP53,R54Q,missense variant,Pathogenic/Likely pathogenic,pathogenic,54
TP53,R174P,missense variant,Pathogenic/Likely pathogenic,pathogenic,174
TP53,R213P,missense variant,Pathogenic/Likely pathogenic,pathogenic,213
TP53,R81P,missense variant,Pathogenic/Likely pathogenic,pathogenic,81
TP53,R54P,missense variant,Pathogenic/Likely pathogenic,pathogenic,54
TP53,H175R,missense variant,Pathogenic,pathogenic,175
TP53,H214R,missense variant,Pathogenic,pathogenic,214
TP53,H82R,missense variant,Pathogenic,pathogenic,82
TP53,H55R,missense variant,Pathogenic,pathogenic,55
TP53,H175L,missense variant,Likely pathogenic,pathogenic,175
TP53,H214L,missense variant,Likely pathogenic,pathogenic,214
TP53,H82L,missense variant,Likely pathogenic,pathogenic,82
TP53,H55L,missense variant,Likely pathogenic,pathogenic,55
TP53,V177M,missense variant,Pathogenic/Likely pathogenic,pathogenic,177
TP53,V216M,missense variant,Pathogenic/Likely pathogenic,pathogenic,216
TP53,V84M,missense variant,Pathogenic/Likely pathogenic,pathogenic,84
TP53,V57M,missense variant,Pathogenic/Likely pathogenic,pathogenic,57
TP53,V179E,missense variant,Likely pathogenic,pathogenic,179
TP53,V218E,missense variant,Likely pathogenic,pathogenic,218
TP53,V86E,missense variant,Likely pathogenic,pathogenic,86
TP53,V59E,missense variant,Likely pathogenic,pathogenic,59
TP53,Y181H,missense variant,Pathogenic/Likely pathogenic,pathogenic,181
TP53,Y220H,missense variant,Pathogenic/Likely pathogenic,pathogenic,220
TP53,Y88H,missense variant,Pathogenic/Likely pathogenic,pathogenic,88
TP53,Y61H,missense variant,Pathogenic/Likely pathogenic,pathogenic,61
TP53,Y220S,missense variant,Pathogenic,pathogenic,220
TP53,Y181S,missense variant,Pathogenic,pathogenic,181
TP53,Y88S,missense variant,Pathogenic,pathogenic,88
TP53,Y61S,missense variant,Pathogenic,pathogenic,61
TP53,Y181C,missense variant,Pathogenic,pathogenic,181
TP53,Y220C,missense variant,Pathogenic,pathogenic,220
TP53,Y88C,missense variant,Pathogenic,pathogenic,88
TP53,Y61C,missense variant,Pathogenic,pathogenic,61
TP53,D228Y,missense variant,Likely benign,benign,228
TP53,D96Y,missense variant,Likely benign,benign,96
TP53,D189Y,missense variant,Likely benign,benign,189
TP53,D69Y,missense variant,Likely benign,benign,69
TP53,I232N,missense variant,Pathogenic/Likely pathogenic,pathogenic,232
TP53,I193N,missense variant,Pathogenic/Likely pathogenic,pathogenic,193
TP53,I73N,missense variant,Pathogenic/Likely pathogenic,pathogenic,73
TP53,I100N,missense variant,Pathogenic/Likely pathogenic,pathogenic,100
TP53,I100T,missense variant,Pathogenic/Likely pathogenic,pathogenic,100
TP53,I193T,missense variant,Pathogenic/Likely pathogenic,pathogenic,193
TP53,I232T,missense variant,Pathogenic/Likely pathogenic,pathogenic,232
TP53,I73T,missense variant,Pathogenic/Likely pathogenic,pathogenic,73
TP53,I100S,missense variant,Pathogenic,pathogenic,100
TP53,I193S,missense variant,Pathogenic,pathogenic,193
TP53,I232S,missense variant,Pathogenic,pathogenic,232
TP53,I73S,missense variant,Pathogenic,pathogenic,73
TP53,Y102N,missense variant,Pathogenic/Likely pathogenic,pathogenic,102
TP53,Y195N,missense variant,Pathogenic/Likely pathogenic,pathogenic,195
TP53,Y234N,missense variant,Pathogenic/Likely pathogenic,pathogenic,234
TP53,Y75N,missense variant,Pathogenic/Likely pathogenic,pathogenic,75
TP53,Y102H,missense variant,Pathogenic/Likely pathogenic,pathogenic,102
TP53,Y195H,missense variant,Pathogenic/Likely pathogenic,pathogenic,195
TP53,Y234H,missense variant,Pathogenic/Likely pathogenic,pathogenic,234
TP53,Y75H,missense variant,Pathogenic/Likely pathogenic,pathogenic,75
TP53,Y102D,missense variant,Pathogenic/Likely pathogenic,pathogenic,102
TP53,Y195D,missense variant,Pathogenic/Likely pathogenic,pathogenic,195
TP53,Y234D,missense variant,Pathogenic/Likely pathogenic,pathogenic,234
TP53,Y75D,missense variant,Pathogenic/Likely pathogenic,pathogenic,75
TP53,Y102C,missense variant,Pathogenic/Likely pathogenic,pathogenic,102
TP53,Y195C,missense variant,Pathogenic/Likely pathogenic,pathogenic,195
TP53,Y234C,missense variant,Pathogenic/Likely pathogenic,pathogenic,234
TP53,Y75C,missense variant,Pathogenic/Likely pathogenic,pathogenic,75
TP53,N103S,missense variant,Benign,benign,103
TP53,N196S,missense variant,Benign,benign,196
TP53,N235S,missense variant,Benign,benign,235
TP53,N76S,missense variant,Benign,benign,76
TP53,Y104H,missense variant,Pathogenic/Likely pathogenic,pathogenic,104
TP53,Y197H,missense variant,Pathogenic/Likely pathogenic,pathogenic,197
TP53,Y236H,missense variant,Pathogenic/Likely pathogenic,pathogenic,236
TP53,Y77H,missense variant,Pathogenic/Likely pathogenic,pathogenic,77
TP53,Y104C,missense variant,Pathogenic/Likely pathogenic,pathogenic,104
TP53,Y197C,missense variant,Pathogenic/Likely pathogenic,pathogenic,197
TP53,Y236C,missense variant,Pathogenic/Likely pathogenic,pathogenic,236
TP53,Y77C,missense variant,Pathogenic/Likely pathogenic,pathogenic,77
TP53,M105K,missense variant,Pathogenic/Likely pathogenic,pathogenic,105
TP53,M198K,missense variant,Pathogenic/Likely pathogenic,pathogenic,198
TP53,M237K,missense variant,Pathogenic/Likely pathogenic,pathogenic,237
TP53,M78K,missense variant,Pathogenic/Likely pathogenic,pathogenic,78
TP53,M105I,missense variant,Pathogenic,pathogenic,105
TP53,M198I,missense variant,Pathogenic,pathogenic,198
TP53,M237I,missense variant,Pathogenic,pathogenic,237
TP53,M78I,missense variant,Pathogenic,pathogenic,78
TP53,M105I,missense variant,Pathogenic/Likely pathogenic,pathogenic,105
TP53,M198I,missense variant,Pathogenic/Likely pathogenic,pathogenic,198
TP53,M237I,missense variant,Pathogenic/Likely pathogenic,pathogenic,237
TP53,M78I,missense variant,Pathogenic/Likely pathogenic,pathogenic,78
TP53,M105I,missense variant,Pathogenic/Likely pathogenic,pathogenic,105
TP53,M198I,missense variant,Pathogenic/Likely pathogenic,pathogenic,198
TP53,M237I,missense variant,Pathogenic/Likely pathogenic,pathogenic,237
TP53,M78I,missense variant,Pathogenic/Likely pathogenic,pathogenic,78
TP53,C106R,missense variant,Pathogenic/Likely pathogenic,pathogenic,106
TP53,C199R,missense variant,Pathogenic/Likely pathogenic,pathogenic,199
TP53,C238R,missense variant,Pathogenic/Likely pathogenic,pathogenic,238
TP53,C79R,missense variant,Pathogenic/Likely pathogenic,pathogenic,79
TP53,C106G,missense variant,Pathogenic/Likely pathogenic,pathogenic,106
TP53,C199G,missense variant,Pathogenic/Likely pathogenic,pathogenic,199
TP53,C238G,missense variant,Pathogenic/Likely pathogenic,pathogenic,238
TP53,C79G,missense variant,Pathogenic/Likely pathogenic,pathogenic,79
TP53,C106Y,missense variant,Pathogenic/Likely pathogenic,pathogenic,106
TP53,C199Y,missense variant,Pathogenic/Likely pathogenic,pathogenic,199
TP53,C238Y,missense variant,Pathogenic/Likely pathogenic,pathogenic,238
TP53,C79Y,missense variant,Pathogenic/Likely pathogenic,pathogenic,79
TP53,C106S,missense variant,Pathogenic/Likely pathogenic,pathogenic,106
TP53,C199S,missense variant,Pathogenic/Likely pathogenic,pathogenic,199
TP53,C238S,missense variant,Pathogenic/Likely pathogenic,pathogenic,238
TP53,C79S,missense variant,Pathogenic/Likely pathogenic,pathogenic,79
TP53,C106F,missense variant,Pathogenic/Likely pathogenic,pathogenic,106
TP53,C199F,missense variant,Pathogenic/Likely pathogenic,pathogenic,199
TP53,C238F,missense variant,Pathogenic/Likely pathogenic,pathogenic,238
TP53,C79F,missense variant,Pathogenic/Likely pathogenic,pathogenic,79
TP53,C106W,missense variant,Pathogenic/Likely pathogenic,pathogenic,106
TP53,C199W,missense variant,Pathogenic/Likely pathogenic,pathogenic,199
TP53,C238W,missense variant,Pathogenic/Likely pathogenic,pathogenic,238
TP53,C79W,missense variant,Pathogenic/Likely pathogenic,pathogenic,79
TP53,N107S,missense variant,Pathogenic/Likely pathogenic,pathogenic,107
TP53,N200S,missense variant,Pathogenic/Likely pathogenic,pathogenic,200
TP53,N239S,missense variant,Pathogenic/Likely pathogenic,pathogenic,239
TP53,N80S,missense variant,Pathogenic/Likely pathogenic,pathogenic,80
TP53,N80K,missense variant,Pathogenic,pathogenic,80
TP53,N200K,missense variant,Pathogenic,pathogenic,200
TP53,N107K,missense variant,Pathogenic,pathogenic,107
TP53,N239K,missense variant,Pathogenic,pathogenic,239
TP53,S201G,missense variant,Pathogenic/Likely pathogenic,pathogenic,201
TP53,S240G,missense variant,Pathogenic/Likely pathogenic,pathogenic,240
TP53,S108G,missense variant,Pathogenic/Likely pathogenic,pathogenic,108
TP53,S81G,missense variant,Pathogenic/Likely pathogenic,pathogenic,81
TP53,S108C,missense variant,Likely pathogenic,pathogenic,108
TP53,S201C,missense variant,Likely pathogenic,pathogenic,201
TP53,S240C,missense variant,Likely pathogenic,pathogenic,240
TP53,S81C,missense variant,Likely pathogenic,pathogenic,81
TP53,S108N,missense variant,Pathogenic,pathogenic,108
TP53,S201N,missense variant,Pathogenic,pathogenic,201
TP53,S240N,missense variant,Pathogenic,pathogenic,240
TP53,S81N,missense variant,Pathogenic,pathogenic,81
TP53,S109T,missense variant,Pathogenic/Likely pathogenic,pathogenic,109
TP53,S202T,missense variant,Pathogenic/Likely pathogenic,pathogenic,202
TP53,S241T,missense variant,Pathogenic/Likely pathogenic,pathogenic,241
TP53,S82T,missense variant,Pathogenic/Likely pathogenic,pathogenic,82
TP53,S109A,missense variant,Pathogenic/Likely pathogenic,pathogenic,109
TP53,S202A,missense variant,Pathogenic/Likely pathogenic,pathogenic,202
TP53,S241A,missense variant,Pathogenic/Likely pathogenic,pathogenic,241
TP53,S82A,missense variant,Pathogenic/Likely pathogenic,pathogenic,82
TP53,S109Y,missense variant,Pathogenic/Likely pathogenic,pathogenic,109
TP53,S202Y,missense variant,Pathogenic/Likely pathogenic,pathogenic,202
TP53,S241Y,missense variant,Pathogenic/Likely pathogenic,pathogenic,241
TP53,S82Y,missense variant,Pathogenic/Likely pathogenic,pathogenic,82
TP53,S109C,missense variant,Pathogenic/Likely pathogenic,pathogenic,109
TP53,S202C,missense variant,Pathogenic/Likely pathogenic,pathogenic,202
TP53,S241C,missense variant,Pathogenic/Likely pathogenic,pathogenic,241
TP53,S82C,missense variant,Pathogenic/Likely pathogenic,pathogenic,82
TP53,S241F,missense variant,Pathogenic/Likely pathogenic,pathogenic,241
TP53,S109F,missense variant,Pathogenic/Likely pathogenic,pathogenic,109
TP53,S202F,missense variant,Pathogenic/Likely pathogenic,pathogenic,202
TP53,S82F,missense variant,Pathogenic/Likely pathogenic,pathogenic,82
TP53,C242Y,missense variant,Pathogenic/Likely pathogenic,pathogenic,242
TP53,C110Y,missense variant,Pathogenic/Likely pathogenic,pathogenic,110
TP53,C203Y,missense variant,Pathogenic/Likely pathogenic,pathogenic,203
TP53,C83Y,missense variant,Pathogenic/Likely pathogenic,pathogenic,83
TP53,C110W,missense variant,Pathogenic,pathogenic,110
TP53,C203W,missense variant,Pathogenic,pathogenic,203
TP53,C242W,missense variant,Pathogenic,pathogenic,242
TP53,C83W,missense variant,Pathogenic,pathogenic,83
TP53,G112S,missense variant,Pathogenic,pathogenic,112
TP53,G205S,missense variant,Pathogenic,pathogenic,205
TP53,G244S,missense variant,Pathogenic,pathogenic,244
TP53,G85S,missense variant,Pathogenic,pathogenic,85
TP53,G112D,missense variant,Pathogenic/Likely pathogenic,pathogenic,112
TP53,G205D,missense variant,Pathogenic/Likely pathogenic,pathogenic,205
TP53,G244D,missense variant,Pathogenic/Likely pathogenic,pathogenic,244
TP53,G85D,missense variant,Pathogenic/Likely pathogenic,pathogenic,85
TP53,G112A,missense variant,Pathogenic/Likely pathogenic,pathogenic,112
TP53,G205A,missense variant,Pathogenic/Likely pathogenic,pathogenic,205
TP53,G244A,missense variant,Pathogenic/Likely pathogenic,pathogenic,244
TP53,G85A,missense variant,Pathogenic/Likely pathogenic,pathogenic,85
TP53,G112V,missense variant,Likely pathogenic,pathogenic,112
TP53,G205V,missense variant,Likely pathogenic,pathogenic,205
TP53,G244V,missense variant,Likely pathogenic,pathogenic,244
TP53,G85V,missense variant,Likely pathogenic,pathogenic,85
TP53,G245S,missense variant,Pathogenic,pathogenic,245
TP53,G113S,missense variant,Pathogenic,pathogenic,113
TP53,G206S,missense variant,Pathogenic,pathogenic,206
TP53,G86S,missense variant,Pathogenic,pathogenic,86
TP53,G245C,missense variant,Pathogenic,pathogenic,245
TP53,G113C,missense variant,Pathogenic,pathogenic,113
TP53,G206C,missense variant,Pathogenic,pathogenic,206
TP53,G86C,missense variant,Pathogenic,pathogenic,86
TP53,G206D,missense variant,Pathogenic,pathogenic,206
TP53,G113D,missense variant,Pathogenic,pathogenic,113
TP53,G245D,missense variant,Pathogenic,pathogenic,245
TP53,G86D,missense variant,Pathogenic,pathogenic,86
TP53,G245D,missense variant,Pathogenic/Likely pathogenic,pathogenic,245
TP53,G113D,missense variant,Pathogenic/Likely pathogenic,pathogenic,113
TP53,G206D,missense variant,Pathogenic/Likely pathogenic,pathogenic,206
TP53,G86D,missense variant,Pathogenic/Likely pathogenic,pathogenic,86
TP53,G113V,missense variant,Pathogenic,pathogenic,113
TP53,G206V,missense variant,Pathogenic,pathogenic,206
TP53,G245V,missense variant,Pathogenic,pathogenic,245
TP53,G86V,missense variant,Pathogenic,pathogenic,86
TP53,M114V,missense variant,Pathogenic/Likely pathogenic,pathogenic,114
TP53,M207V,missense variant,Pathogenic/Likely pathogenic,pathogenic,207
TP53,M246V,missense variant,Pathogenic/Likely pathogenic,pathogenic,246
TP53,M87V,missense variant,Pathogenic/Likely pathogenic,pathogenic,87
TP53,M114K,missense variant,Likely pathogenic,pathogenic,114
TP53,M246K,missense variant,Likely pathogenic,pathogenic,246
TP53,M207K,missense variant,Likely pathogenic,pathogenic,207
TP53,M87K,missense variant,Likely pathogenic,pathogenic,87
TP53,M246I,missense variant,Pathogenic/Likely pathogenic,pathogenic,246
TP53,M114I,missense variant,Pathogenic/Likely pathogenic,pathogenic,114
TP53,M207I,missense variant,Pathogenic/Likely pathogenic,pathogenic,207
TP53,M87I,missense variant,Pathogenic/Likely pathogenic,pathogenic,87
TP53,M87I,missense variant,Likely pathogenic,pathogenic,87
TP53,M207I,missense variant,Likely pathogenic,pathogenic,207
TP53,M246I,missense variant,Likely pathogenic,pathogenic,246
TP53,M114I,missense variant,Likely pathogenic,pathogenic,114
TP53,R209W,missense variant,Likely pathogenic,pathogenic,209
TP53,R89W,missense variant,Likely pathogenic,pathogenic,89
TP53,R116W,missense variant,Likely pathogenic,pathogenic,116
TP53,R248W,missense variant,Likely pathogenic,pathogenic,248
TP53,R116G,missense variant,Pathogenic/Likely pathogenic,pathogenic,116
TP53,R209G,missense variant,Pathogenic/Likely pathogenic,pathogenic,209
TP53,R248G,missense variant,Pathogenic/Likely pathogenic,pathogenic,248
TP53,R89G,missense variant,Pathogenic/Likely pathogenic,pathogenic,89
TP53,R248W,missense variant,Pathogenic,pathogenic,248
TP53,R116W,missense variant,Pathogenic,pathogenic,116
TP53,R209W,missense variant,Pathogenic,pathogenic,209
TP53,R89W,missense variant,Pathogenic,pathogenic,89
TP53,R248Q,missense variant,Pathogenic,pathogenic,248
TP53,R116Q,missense variant,Pathogenic,pathogenic,116
TP53,R209Q,missense variant,Pathogenic,pathogenic,209
TP53,R89Q,missense variant,Pathogenic,pathogenic,89
TP53,R116P,missense variant,Pathogenic/Likely pathogenic,pathogenic,116
TP53,R209P,missense variant,Pathogenic/Likely pathogenic,pathogenic,209
TP53,R248P,missense variant,Pathogenic/Likely pathogenic,pathogenic,248
TP53,R89P,missense variant,Pathogenic/Likely pathogenic,pathogenic,89
TP53,R116L,missense variant,Pathogenic,pathogenic,116
TP53,R209L,missense variant,Pathogenic,pathogenic,209
TP53,R248L,missense variant,Pathogenic,pathogenic,248
TP53,R89L,missense variant,Pathogenic,pathogenic,89
TP53,R117T,missense variant,Pathogenic/Likely pathogenic,pathogenic,117
TP53,R210T,missense variant,Pathogenic/Likely pathogenic,pathogenic,210
TP53,R249T,missense variant,Pathogenic/Likely pathogenic,pathogenic,249
TP53,R90T,missense variant,Pathogenic/Likely pathogenic,pathogenic,90
TP53,R249S,missense variant,Pathogenic/Likely pathogenic,pathogenic,249
TP53,R117S,missense variant,Pathogenic/Likely pathogenic,pathogenic,117
TP53,R210S,missense variant,Pathogenic/Likely pathogenic,pathogenic,210
TP53,R90S,missense variant,Pathogenic/Likely pathogenic,pathogenic,90
TP53,P118L,missense variant,Pathogenic/Likely pathogenic,pathogenic,118
TP53,P211L,missense variant,Pathogenic/Likely pathogenic,pathogenic,211
TP53,P250L,missense variant,Pathogenic/Likely pathogenic,pathogenic,250
TP53,P91L,missense variant,Pathogenic/Likely pathogenic,pathogenic,91
TP53,I119L,missense variant,Pathogenic/Likely pathogenic,pathogenic,119
TP53,I212L,missense variant,Pathogenic/Likely pathogenic,pathogenic,212
TP53,I251L,missense variant,Pathogenic/Likely pathogenic,pathogenic,251
TP53,I92L,missense variant,Pathogenic/Likely pathogenic,pathogenic,92
TP53,I251F,missense variant,Likely pathogenic,pathogenic,251
TP53,I92F,missense variant,Likely pathogenic,pathogenic,92
TP53,I119F,missense variant,Likely pathogenic,pathogenic,119
TP53,I212F,missense variant,Likely pathogenic,pathogenic,212
TP53,T214A,missense variant,Pathogenic/Likely pathogenic,pathogenic,214
TP53,T253A,missense variant,Pathogenic/Likely pathogenic,pathogenic,253
TP53,T94A,missense variant,Pathogenic/Likely pathogenic,pathogenic,94
TP53,T121A,missense variant,Pathogenic/Likely pathogenic,pathogenic,121
TP53,I215V,missense variant,Likely benign,benign,215
TP53,I122V,missense variant,Likely benign,benign,122
TP53,I254V,missense variant,Likely benign,benign,254
TP53,I95V,missense variant,Likely benign,benign,95
TP53,I215N,missense variant,Pathogenic,pathogenic,215
TP53,I254N,missense variant,Pathogenic,pathogenic,254
TP53,I122N,missense variant,Pathogenic,pathogenic,122
TP53,I95N,missense variant,Pathogenic,pathogenic,95
TP53,I254N,missense variant,Pathogenic,pathogenic,254
TP53,I95N,missense variant,Pathogenic,pathogenic,95
TP53,I122N,missense variant,Pathogenic,pathogenic,122
TP53,I215N,missense variant,Pathogenic,pathogenic,215
TP53,I215T,missense variant,Pathogenic,pathogenic,215
TP53,I122T,missense variant,Pathogenic,pathogenic,122
TP53,I254T,missense variant,Pathogenic,pathogenic,254
TP53,I95T,missense variant,Pathogenic,pathogenic,95
TP53,E126K,missense variant,Likely pathogenic,pathogenic,126
TP53,E219K,missense variant,Likely pathogenic,pathogenic,219
TP53,E258K,missense variant,Likely pathogenic,pathogenic,258
TP53,E99K,missense variant,Likely pathogenic,pathogenic,99
TP53,E258K,missense variant,Pathogenic/Likely pathogenic,pathogenic,258
TP53,E126K,missense variant,Pathogenic/Likely pathogenic,pathogenic,126
TP53,E219K,missense variant,Pathogenic/Likely pathogenic,pathogenic,219
TP53,E99K,missense variant,Pathogenic/Likely pathogenic,pathogenic,99
TP53,D100A,missense variant,Pathogenic,pathogenic,100
TP53,D127A,missense variant,Pathogenic,pathogenic,127
TP53,D220A,missense variant,Pathogenic,pathogenic,220
TP53,D259A,missense variant,Pathogenic,pathogenic,259
TP53,S128Y,missense variant,Likely benign,benign,128
TP53,S221Y,missense variant,Likely benign,benign,221
TP53,S260Y,missense variant,Likely benign,benign,260
TP53,S101Y,missense variant,Likely benign,benign,101
TP53,G130S,missense variant,Likely benign,benign,130
TP53,G223S,missense variant,Likely benign,benign,223
TP53,G262S,missense variant,Likely benign,benign,262
TP53,G103S,missense variant,Likely benign,benign,103
TP53,N263S,missense variant,Likely benign,benign,263
TP53,N131S,missense variant,Likely benign,benign,131
TP53,N224S,missense variant,Likely benign,benign,224
TP53,N104S,missense variant,Likely benign,benign,104
TP53,L106Q,missense variant,Pathogenic/Likely pathogenic,pathogenic,106
TP53,L226Q,missense variant,Pathogenic/Likely pathogenic,pathogenic,226
TP53,L133Q,missense variant,Pathogenic/Likely pathogenic,pathogenic,133
TP53,L265Q,missense variant,Pathogenic/Likely pathogenic,pathogenic,265
TP53,L133P,missense variant,Pathogenic/Likely pathogenic,pathogenic,133
TP53,L226P,missense variant,Pathogenic/Likely pathogenic,pathogenic,226
TP53,L265P,missense variant,Pathogenic/Likely pathogenic,pathogenic,265
TP53,L106P,missense variant,Pathogenic/Likely pathogenic,pathogenic,106
TP53,G134R,missense variant,Pathogenic,pathogenic,134
TP53,G266R,missense variant,Pathogenic,pathogenic,266
TP53,G227R,missense variant,Pathogenic,pathogenic,227
TP53,G107R,missense variant,Pathogenic,pathogenic,107
TP53,G134R,missense variant,Pathogenic,pathogenic,134
TP53,G227R,missense variant,Pathogenic,pathogenic,227
TP53,G266R,missense variant,Pathogenic,pathogenic,266
TP53,G107R,missense variant,Pathogenic,pathogenic,107
TP53,G134E,missense variant,Pathogenic/Likely pathogenic,pathogenic,134
TP53,G227E,missense variant,Pathogenic/Likely pathogenic,pathogenic,227
TP53,G266E,missense variant,Pathogenic/Likely pathogenic,pathogenic,266
TP53,G107E,missense variant,Pathogenic/Likely pathogenic,pathogenic,107
TP53,R228G,missense variant,Pathogenic,pathogenic,228
TP53,R267G,missense variant,Pathogenic,pathogenic,267
TP53,R108G,missense variant,Pathogenic,pathogenic,108
TP53,R135G,missense variant,Pathogenic,pathogenic,135
TP53,R135W,missense variant,Pathogenic/Likely pathogenic,pathogenic,135
TP53,R228W,missense variant,Pathogenic/Likely pathogenic,pathogenic,228
TP53,R267W,missense variant,Pathogenic/Likely pathogenic,pathogenic,267
TP53,R108W,missense variant,Pathogenic/Likely pathogenic,pathogenic,108
TP53,R135Q,missense variant,Likely pathogenic,pathogenic,135
TP53,R228Q,missense variant,Likely pathogenic,pathogenic,228
TP53,R267Q,missense variant,Likely pathogenic,pathogenic,267
TP53,R108Q,missense variant,Likely pathogenic,pathogenic,108
TP53,R135P,missense variant,Pathogenic,pathogenic,135
TP53,R228P,missense variant,Pathogenic,pathogenic,228
TP53,R267P,missense variant,Pathogenic,pathogenic,267
TP53,R108P,missense variant,Pathogenic,pathogenic,108
TP53,S110C,missense variant,Benign,benign,110
TP53,S137C,missense variant,Benign,benign,137
TP53,S230C,missense variant,Benign,benign,230
TP53,S269C,missense variant,Benign,benign,269
TP53,S110I,missense variant,Likely pathogenic,pathogenic,110
TP53,S137I,missense variant,Likely pathogenic,pathogenic,137
TP53,S230I,missense variant,Likely pathogenic,pathogenic,230
TP53,S269I,missense variant,Likely pathogenic,pathogenic,269
TP53,F138V,missense variant,Pathogenic,pathogenic,138
TP53,F231V,missense variant,Pathogenic,pathogenic,231
TP53,F270V,missense variant,Pathogenic,pathogenic,270
TP53,F111V,missense variant,Pathogenic,pathogenic,111
TP53,F138S,missense variant,Pathogenic/Likely pathogenic,pathogenic,138
TP53,F231S,missense variant,Pathogenic/Likely pathogenic,pathogenic,231
TP53,F270S,missense variant,Pathogenic/Likely pathogenic,pathogenic,270
TP53,F111S,missense variant,Pathogenic/Likely pathogenic,pathogenic,111
TP53,E139V,missense variant,Likely pathogenic,pathogenic,139
TP53,E112V,missense variant,Likely pathogenic,pathogenic,112
TP53,E232V,missense variant,Likely pathogenic,pathogenic,232
TP53,E271V,missense variant,Likely pathogenic,pathogenic,271
TP53,V140M,missense variant,Pathogenic,pathogenic,140
TP53,V233M,missense variant,Pathogenic,pathogenic,233
TP53,V272M,missense variant,Pathogenic,pathogenic,272
TP53,V113M,missense variant,Pathogenic,pathogenic,113
TP53,V140L,missense variant,Pathogenic,pathogenic,140
TP53,V233L,missense variant,Pathogenic,pathogenic,233
TP53,V272L,missense variant,Pathogenic,pathogenic,272
TP53,V113L,missense variant,Pathogenic,pathogenic,113
TP53,V272L,missense variant,Pathogenic/Likely pathogenic,pathogenic,272
TP53,V140L,missense variant,Pathogenic/Likely pathogenic,pathogenic,140
TP53,V233L,missense variant,Pathogenic/Likely pathogenic,pathogenic,233
TP53,V113L,missense variant,Pathogenic/Likely pathogenic,pathogenic,113
TP53,R141S,missense variant,Pathogenic,pathogenic,141
TP53,R234S,missense variant,Pathogenic,pathogenic,234
TP53,R273S,missense variant,Pathogenic,pathogenic,273
TP53,R114S,missense variant,Pathogenic,pathogenic,114
TP53,R141G,missense variant,Pathogenic/Likely pathogenic,pathogenic,141
TP53,R234G,missense variant,Pathogenic/Likely pathogenic,pathogenic,234
TP53,R273G,missense variant,Pathogenic/Likely pathogenic,pathogenic,273
TP53,R114G,missense variant,Pathogenic/Likely pathogenic,pathogenic,114
TP53,R141C,missense variant,Pathogenic/Likely pathogenic,pathogenic,141
TP53,R234C,missense variant,Pathogenic/Likely pathogenic,pathogenic,234
TP53,R273C,missense variant,Pathogenic/Likely pathogenic,pathogenic,273
TP53,R114C,missense variant,Pathogenic/Likely pathogenic,pathogenic,114
TP53,R273H,missense variant,Pathogenic,pathogenic,273
TP53,R141H,missense variant,Pathogenic,pathogenic,141
TP53,R234H,missense variant,Pathogenic,pathogenic,234
TP53,R114H,missense variant,Pathogenic,pathogenic,114
TP53,R141P,missense variant,Pathogenic/Likely pathogenic,pathogenic,141
TP53,R234P,missense variant,Pathogenic/Likely pathogenic,pathogenic,234
TP53,R273P,missense variant,Pathogenic/Likely pathogenic,pathogenic,273
TP53,R114P,missense variant,Pathogenic/Likely pathogenic,pathogenic,114
TP53,R141L,missense variant,Pathogenic,pathogenic,141
TP53,R234L,missense variant,Pathogenic,pathogenic,234
TP53,R273L,missense variant,Pathogenic,pathogenic,273
TP53,R114L,missense variant,Pathogenic,pathogenic,114
TP53,V142I,missense variant,Benign,benign,142
TP53,V115I,missense variant,Benign,benign,115
TP53,V235I,missense variant,Benign,benign,235
TP53,V274I,missense variant,Benign,benign,274
TP53,C143Y,missense variant,Pathogenic/Likely pathogenic,pathogenic,143
TP53,C236Y,missense variant,Pathogenic/Likely pathogenic,pathogenic,236
TP53,C275Y,missense variant,Pathogenic/Likely pathogenic,pathogenic,275
TP53,C116Y,missense variant,Pathogenic/Likely pathogenic,pathogenic,116
TP53,C143F,missense variant,Pathogenic,pathogenic,143
TP53,C236F,missense variant,Pathogenic,pathogenic,236
TP53,C275F,missense variant,Pathogenic,pathogenic,275
TP53,C116F,missense variant,Pathogenic,pathogenic,116
TP53,A144G,missense variant,Pathogenic/Likely pathogenic,pathogenic,144
TP53,A237G,missense variant,Pathogenic/Likely pathogenic,pathogenic,237
TP53,A276G,missense variant,Pathogenic/Likely pathogenic,pathogenic,276
TP53,A117G,missense variant,Pathogenic/Likely pathogenic,pathogenic,117
TP53,C145G,missense variant,Likely pathogenic,pathogenic,145
TP53,C238G,missense variant,Likely pathogenic,pathogenic,238
TP53,C277G,missense variant,Likely pathogenic,pathogenic,277
TP53,C118G,missense variant,Likely pathogenic,pathogenic,118
TP53,P146T,missense variant,Pathogenic/Likely pathogenic,pathogenic,146
TP53,P239T,missense variant,Pathogenic/Likely pathogenic,pathogenic,239
TP53,P278T,missense variant,Pathogenic/Likely pathogenic,pathogenic,278
TP53,P119T,missense variant,Pathogenic/Likely pathogenic,pathogenic,119
TP53,P146S,missense variant,Pathogenic/Likely pathogenic,pathogenic,146
TP53,P239S,missense variant,Pathogenic/Likely pathogenic,pathogenic,239
TP53,P278S,missense variant,Pathogenic/Likely pathogenic,pathogenic,278
TP53,P119S,missense variant,Pathogenic/Likely pathogenic,pathogenic,119
TP53,P146L,missense variant,Pathogenic,pathogenic,146
TP53,P239L,missense variant,Pathogenic,pathogenic,239
TP53,P278L,missense variant,Pathogenic,pathogenic,278
TP53,P119L,missense variant,Pathogenic,pathogenic,119
TP53,R280T,missense variant,Pathogenic/Likely pathogenic,pathogenic,280
TP53,R148T,missense variant,Pathogenic/Likely pathogenic,pathogenic,148
TP53,R241T,missense variant,Pathogenic/Likely pathogenic,pathogenic,241
TP53,R121T,missense variant,Pathogenic/Likely pathogenic,pathogenic,121
TP53,R148S,missense variant,Pathogenic/Likely pathogenic,pathogenic,148
TP53,R241S,missense variant,Pathogenic/Likely pathogenic,pathogenic,241
TP53,R280S,missense variant,Pathogenic/Likely pathogenic,pathogenic,280
TP53,R121S,missense variant,Pathogenic/Likely pathogenic,pathogenic,121
TP53,D149N,missense variant,Pathogenic/Likely pathogenic,pathogenic,149
TP53,D242N,missense variant,Pathogenic/Likely pathogenic,pathogenic,242
TP53,D281N,missense variant,Pathogenic/Likely pathogenic,pathogenic,281
TP53,D122N,missense variant,Pathogenic/Likely pathogenic,pathogenic,122
TP53,D149H,missense variant,Pathogenic/Likely pathogenic,pathogenic,149
TP53,D242H,missense variant,Pathogenic/Likely pathogenic,pathogenic,242
TP53,D281H,missense variant,Pathogenic/Likely pathogenic,pathogenic,281
TP53,D122H,missense variant,Pathogenic/Likely pathogenic,pathogenic,122
TP53,D149Y,missense variant,Pathogenic/Likely pathogenic,pathogenic,149
TP53,D242Y,missense variant,Pathogenic/Likely pathogenic,pathogenic,242
TP53,D281Y,missense variant,Pathogenic/Likely pathogenic,pathogenic,281
TP53,D122Y,missense variant,Pathogenic/Likely pathogenic,pathogenic,122
TP53,D149A,missense variant,Pathogenic/Likely pathogenic,pathogenic,149
TP53,D242A,missense variant,Pathogenic/Likely pathogenic,pathogenic,242
TP53,D281A,missense variant,Pathogenic/Likely pathogenic,pathogenic,281
TP53,D122A,missense variant,Pathogenic/Likely pathogenic,pathogenic,122
TP53,D149G,missense variant,Pathogenic,pathogenic,149
TP53,D242G,missense variant,Pathogenic,pathogenic,242
TP53,D281G,missense variant,Pathogenic,pathogenic,281
TP53,D122G,missense variant,Pathogenic,pathogenic,122
TP53,D149V,missense variant,Pathogenic/Likely pathogenic,pathogenic,149
TP53,D242V,missense variant,Pathogenic/Likely pathogenic,pathogenic,242
TP53,D281V,missense variant,Pathogenic/Likely pathogenic,pathogenic,281
TP53,D122V,missense variant,Pathogenic/Likely pathogenic,pathogenic,122
TP53,D149E,missense variant,Pathogenic/Likely pathogenic,pathogenic,149
TP53,D242E,missense variant,Pathogenic/Likely pathogenic,pathogenic,242
TP53,D281E,missense variant,Pathogenic/Likely pathogenic,pathogenic,281
TP53,D122E,missense variant,Pathogenic/Likely pathogenic,pathogenic,122
TP53,D149E,missense variant,Pathogenic/Likely pathogenic,pathogenic,149
TP53,D242E,missense variant,Pathogenic/Likely pathogenic,pathogenic,242
TP53,D281E,missense variant,Pathogenic/Likely pathogenic,pathogenic,281
TP53,D122E,missense variant,Pathogenic/Likely pathogenic,pathogenic,122
TP53,R150G,missense variant,Pathogenic,pathogenic,150
TP53,R243G,missense variant,Pathogenic,pathogenic,243
TP53,R282G,missense variant,Pathogenic,pathogenic,282
TP53,R123G,missense variant,Pathogenic,pathogenic,123
TP53,R282W,missense variant,Pathogenic/Likely pathogenic,pathogenic,282
TP53,R150W,missense variant,Pathogenic/Likely pathogenic,pathogenic,150
TP53,R243W,missense variant,Pathogenic/Likely pathogenic,pathogenic,243
TP53,R123W,missense variant,Pathogenic/Likely pathogenic,pathogenic,123
TP53,R150P,missense variant,Pathogenic/Likely pathogenic,pathogenic,150
TP53,R243P,missense variant,Pathogenic/Likely pathogenic,pathogenic,243
TP53,R282P,missense variant,Pathogenic/Likely pathogenic,pathogenic,282
TP53,R123P,missense variant,Pathogenic/Likely pathogenic,pathogenic,123
TP53,R151C,missense variant,Likely benign,benign,151
TP53,R244C,missense variant,Likely benign,benign,244
TP53,R283C,missense variant,Likely benign,benign,283
TP53,R124C,missense variant,Likely benign,benign,124
TP53,T152I,missense variant,Likely benign,benign,152
TP53,T245I,missense variant,Likely benign,benign,245
TP53,T284I,missense variant,Likely benign,benign,284
TP53,T125I,missense variant,Likely benign,benign,125
TP53,E153K,missense variant,Pathogenic/Likely pathogenic,pathogenic,153
TP53,E246K,missense variant,Pathogenic/Likely pathogenic,pathogenic,246
TP53,E285K,missense variant,Pathogenic/Likely pathogenic,pathogenic,285
TP53,E126K,missense variant,Pathogenic/Likely pathogenic,pathogenic,126
TP53,E285V,missense variant,Pathogenic,pathogenic,285
TP53,E153V,missense variant,Pathogenic,pathogenic,153
TP53,E246V,missense variant,Pathogenic,pathogenic,246
TP53,E126V,missense variant,Pathogenic,pathogenic,126
TP53,E154K,missense variant,Pathogenic/Likely pathogenic,pathogenic,154
TP53,E247K,missense variant,Pathogenic/Likely pathogenic,pathogenic,247
TP53,E286K,missense variant,Pathogenic/Likely pathogenic,pathogenic,286
TP53,E127K,missense variant,Pathogenic/Likely pathogenic,pathogenic,127
TP53,E154A,missense variant,Likely pathogenic,pathogenic,154
TP53,E247A,missense variant,Likely pathogenic,pathogenic,247
TP53,E286A,missense variant,Likely pathogenic,pathogenic,286
TP53,E127A,missense variant,Likely pathogenic,pathogenic,127
TP53,N29D,missense variant,Likely benign,benign,29
TP53,E128G,missense variant,Likely benign,benign,128
TP53,E155G,missense variant,Likely benign,benign,155
TP53,E248G,missense variant,Likely benign,benign,248
TP53,E287G,missense variant,Likely benign,benign,287
TP53,L130P,missense variant,Likely benign,benign,130
TP53,L157P,missense variant,Likely benign,benign,157
TP53,L250P,missense variant,Likely benign,benign,250
TP53,L289P,missense variant,Likely benign,benign,289
TP53,R158C,missense variant,Likely benign,benign,158
TP53,R251C,missense variant,Likely benign,benign,251
TP53,R290C,missense variant,Likely benign,benign,290
TP53,R131C,missense variant,Likely benign,benign,131
TP53,R158H,missense variant,Benign,benign,158
TP53,R251H,missense variant,Benign,benign,251
TP53,R290H,missense variant,Benign,benign,290
TP53,R131H,missense variant,Benign,benign,131
TP53,K160R,missense variant,Likely benign,benign,160
TP53,K253R,missense variant,Likely benign,benign,253
TP53,K292R,missense variant,Likely benign,benign,292
TP53,K133R,missense variant,Likely benign,benign,133
TP53,G161W,missense variant,Likely benign,benign,161
TP53,G254W,missense variant,Likely benign,benign,254
TP53,G293W,missense variant,Likely benign,benign,293
TP53,G134W,missense variant,Likely benign,benign,134
TP53,P163S,missense variant,Likely benign,benign,163
TP53,P256S,missense variant,Likely benign,benign,256
TP53,P295S,missense variant,Likely benign,benign,295
TP53,P136S,missense variant,Likely benign,benign,136
TP53,H164Y,missense variant,Likely benign,benign,164
TP53,H257Y,missense variant,Likely benign,benign,257
TP53,H296Y,missense variant,Likely benign,benign,296
TP53,H137Y,missense variant,Likely benign,benign,137
TP53,H164R,missense variant,Likely pathogenic,pathogenic,164
TP53,H257R,missense variant,Likely pathogenic,pathogenic,257
TP53,H296R,missense variant,Likely pathogenic,pathogenic,296
TP53,H137R,missense variant,Likely pathogenic,pathogenic,137
TP53,E166K,missense variant,Benign,benign,166
TP53,E259K,missense variant,Benign,benign,259
TP53,E298K,missense variant,Benign,benign,298
TP53,E139K,missense variant,Benign,benign,139
TP53,P141L,missense variant,Likely benign,benign,141
TP53,P168L,missense variant,Likely benign,benign,168
TP53,P261L,missense variant,Likely benign,benign,261
TP53,P300L,missense variant,Likely benign,benign,300
TP53,G170A,missense variant,Likely benign,benign,170
TP53,G263A,missense variant,Likely benign,benign,263
TP53,G143A,missense variant,Likely benign,benign,143
TP53,G302A,missense variant,Likely benign,benign,302
TP53,S171G,missense variant,Likely benign,benign,171
TP53,S264G,missense variant,Likely benign,benign,264
TP53,S303G,missense variant,Likely benign,benign,303
TP53,S144G,missense variant,Likely benign,benign,144
TP53,A175G,missense variant,Likely benign,benign,175
TP53,A268G,missense variant,Likely benign,benign,268
TP53,A307G,missense variant,Likely benign,benign,307
TP53,A148G,missense variant,Likely benign,benign,148
TP53,N178S,missense variant,Likely benign,benign,178
TP53,N271S,missense variant,Likely benign,benign,271
TP53,N310S,missense variant,Likely benign,benign,310
TP53,N151S,missense variant,Likely benign,benign,151
TP53,N178K,missense variant,Likely benign,benign,178
TP53,N271K,missense variant,Likely benign,benign,271
TP53,N310K,missense variant,Likely benign,benign,310
TP53,N151K,missense variant,Likely benign,benign,151
TP53,T180N,missense variant,Likely benign,benign,180
TP53,T312N,missense variant,Likely benign,benign,312
TP53,T153N,missense variant,Likely benign,benign,153
TP53,T273N,missense variant,Likely benign,benign,273
TP53,T180S,missense variant,Benign,benign,180
TP53,T273S,missense variant,Benign,benign,273
TP53,T312S,missense variant,Benign,benign,312
TP53,T153S,missense variant,Benign,benign,153
TP53,S154N,missense variant,Likely benign,benign,154
TP53,S181N,missense variant,Likely benign,benign,181
TP53,S313N,missense variant,Likely benign,benign,313
TP53,S274N,missense variant,Likely benign,benign,274
TP53,S183T,missense variant,Likely benign,benign,183
TP53,S276T,missense variant,Likely benign,benign,276
TP53,S315T,missense variant,Likely benign,benign,315
TP53,S156T,missense variant,Likely benign,benign,156
TP53,P184T,missense variant,Likely benign,benign,184
TP53,P277T,missense variant,Likely benign,benign,277
TP53,P316T,missense variant,Likely benign,benign,316
TP53,P157T,missense variant,Likely benign,benign,157
TP53,Q185K,missense variant,Benign,benign,185
TP53,Q278K,missense variant,Benign,benign,278
TP53,Q317K,missense variant,Benign,benign,317
TP53,Q158K,missense variant,Benign,benign,158
TP53,L32V,missense variant,Likely benign,benign,32
TP53,P159S,missense variant,Benign,benign,159
TP53,P186S,missense variant,Benign,benign,186
TP53,P279S,missense variant,Benign,benign,279
TP53,P318S,missense variant,Benign,benign,318
TP53,K187T,missense variant,Likely benign,benign,187
TP53,K160T,missense variant,Likely benign,benign,160
TP53,K280T,missense variant,Likely benign,benign,280
TP53,K319T,missense variant,Likely benign,benign,319
TP53,D165N,missense variant,Benign,benign,165
TP53,D192N,missense variant,Benign,benign,192
TP53,D285N,missense variant,Benign,benign,285
TP53,D324N,missense variant,Benign,benign,324
TP53,D165E,missense variant,Likely benign,benign,165
TP53,D192E,missense variant,Likely benign,benign,192
TP53,D285E,missense variant,Likely benign,benign,285
TP53,D324E,missense variant,Likely benign,benign,324
TP53,E167V,missense variant,Likely pathogenic,pathogenic,167
TP53,E194V,missense variant,Likely pathogenic,pathogenic,194
TP53,E287V,missense variant,Likely pathogenic,pathogenic,287
TP53,E326V,missense variant,Likely pathogenic,pathogenic,326
TP53,E194D,missense variant,Likely benign,benign,194
TP53,E167D,missense variant,Likely benign,benign,167
TP53,E287D,missense variant,Likely benign,benign,287
TP53,E326D,missense variant,Likely benign,benign,326
TP53,Q201E,missense variant,Likely benign,benign,201
TP53,Q333E,missense variant,Likely benign,benign,333
TP53,Q174E,missense variant,Likely benign,benign,174
TP53,Q294E,missense variant,Likely benign,benign,294
TP53,T175I,missense variant,Likely benign,benign,175
TP53,T295I,missense variant,Likely benign,benign,295
TP53,T334I,missense variant,Likely benign,benign,334
TP53,T202I,missense variant,Likely benign,benign,202
TP53,K206N,missense variant,Likely benign,benign,206
TP53,K338N,missense variant,Likely benign,benign,338
TP53,K179N,missense variant,Likely benign,benign,179
TP53,K299N,missense variant,Likely benign,benign,299
TP53,C209R,missense variant,Likely benign,benign,209
TP53,C341R,missense variant,Likely benign,benign,341
TP53,C302R,missense variant,Likely benign,benign,302
TP53,C182R,missense variant,Likely benign,benign,182
TP53,C209G,missense variant,Benign/Likely benign,benign,209
TP53,C341G,missense variant,Benign/Likely benign,benign,341
TP53,C182G,missense variant,Benign/Likely benign,benign,182
TP53,C302G,missense variant,Benign/Likely benign,benign,302
TP53,R205Q,missense variant,Likely benign,benign,205
TP53,R337Q,missense variant,Likely benign,benign,337
TP53,R178Q,missense variant,Likely benign,benign,178
TP53,R298Q,missense variant,Likely benign,benign,298
TP53,W206R,missense variant,Likely benign,benign,206
TP53,W338R,missense variant,Likely benign,benign,338
TP53,W179R,missense variant,Likely benign,benign,179
TP53,W299R,missense variant,Likely benign,benign,299
TP53,C207R,missense variant,Likely benign,benign,207
TP53,C339R,missense variant,Likely benign,benign,339
TP53,C180R,missense variant,Likely benign,benign,180
TP53,C300R,missense variant,Likely benign,benign,300
TP53,N212K,missense variant,Likely benign,benign,212
TP53,N344K,missense variant,Likely benign,benign,344
TP53,N305K,missense variant,Likely benign,benign,305
TP53,N185K,missense variant,Likely benign,benign,185
TP53,S214L,missense variant,Likely benign,benign,214
TP53,S346L,missense variant,Likely benign,benign,346
TP53,S187L,missense variant,Likely benign,benign,187
TP53,S307L,missense variant,Likely benign,benign,307
TP53,I200L,missense variant,Likely benign,benign,200
TP53,I293L,missense variant,Likely benign,benign,293
TP53,I173L,missense variant,Likely benign,benign,173
TP53,I332L,missense variant,Likely benign,benign,332
TP53,I173N,missense variant,Likely pathogenic,pathogenic,173
TP53,I200N,missense variant,Likely pathogenic,pathogenic,200
TP53,I293N,missense variant,Likely pathogenic,pathogenic,293
TP53,I332N,missense variant,Likely pathogenic,pathogenic,332
TP53,R201C,missense variant,Likely benign,benign,201
TP53,R294C,missense variant,Likely benign,benign,294
TP53,R333C,missense variant,Likely benign,benign,333
TP53,R174C,missense variant,Likely benign,benign,174
TP53,R201H,missense variant,Benign,benign,201
TP53,R294H,missense variant,Benign,benign,294
TP53,R333H,missense variant,Benign,benign,333
TP53,R174H,missense variant,Benign,benign,174
